shot_id,shot_made_flag
1,0.37058607
8,0.30413747
17,0.6866617
20,0.74325716
33,0.35830387
34,0.39491513
35,0.47245675
36,0.43954632
37,0.7262491
38,0.36682257
45,0.41060215
50,0.31148586
55,0.29847744
60,0.3016995
66,0.31832215
67,0.31803438
71,0.39652085
80,0.26196635
85,0.31952196
86,0.6225342
95,0.6377933
104,0.36146164
113,0.34623167
123,0.32398587
126,0.7934237
133,0.7098558
141,0.26436004
144,0.40822873
150,0.7636581
152,0.3878909
153,0.75339675
156,0.41209787
159,0.8363409
165,0.72920614
172,0.41578063
182,0.87435704
192,0.3639595
193,0.7609296
196,0.32917297
202,0.33916557
210,0.35953683
211,0.35162255
228,0.9474367
257,0.4090889
260,0.39869186
264,0.38904768
267,0.616648
279,0.8973727
282,0.39023662
293,0.33077174
299,0.78616774
300,0.63323635
301,0.7511505
317,0.3163069
327,0.37764832
328,0.30559635
335,0.4225584
346,0.75516796
348,0.31880242
365,0.37631816
390,0.74782586
391,0.741929
392,0.73902893
397,0.34408048
418,0.3615535
428,0.14205515
434,0.60246843
439,0.43462524
440,0.37263864
456,0.35469073
459,0.3161617
472,0.4036328
480,0.27272922
491,0.35030672
497,0.41125676
509,0.3596087
511,0.39195925
523,0.14883418
533,0.39298782
544,0.40331185
546,0.3587989
555,0.73199546
558,0.36264166
560,0.36219418
573,0.33251965
591,0.3906319
596,0.32231277
597,0.3633052
601,0.61143404
605,0.41227284
617,0.33564314
628,0.2904911
634,0.37179315
646,0.29510272
649,0.37362337
651,0.74355733
654,0.6871678
656,0.4181974
657,0.36311266
669,0.37490818
670,0.8969907
693,0.6212887
694,0.3114922
699,0.4288494
711,0.4032518
718,0.3646414
722,0.35057488
723,0.3823789
725,0.66483396
734,0.37090892
735,0.43289006
737,0.7606682
746,0.34383425
747,0.6659596
766,0.3248674
767,0.34098706
771,0.29791987
773,0.26981992
774,0.39361826
783,0.31757742
784,0.36563274
789,0.3209213
792,0.3903534
804,0.33734527
809,0.36108342
812,0.345443
813,0.38959756
817,0.31703052
820,0.34670883
825,0.3537629
826,0.36369467
829,0.36264792
855,0.41852805
859,0.76034623
862,0.41048202
870,0.37605444
876,0.360502
880,0.36546317
886,0.97166574
889,0.8028947
891,0.42348337
897,0.96983004
902,0.33911672
903,0.33196995
908,0.35432994
909,0.35356703
920,0.34045225
922,0.40776482
924,0.6530898
932,0.3527064
934,0.3713732
937,0.34736383
941,0.34208545
943,0.37908566
950,0.40287623
952,0.34164283
954,0.89568686
963,0.35965073
975,0.3643083
979,0.3692232
981,0.3776669
983,0.14539488
985,0.4373075
989,0.4489165
995,0.42151916
998,0.42223355
1008,0.2893933
1019,0.7221508
1023,0.39754874
1026,0.35991302
1029,0.65298194
1034,0.7780795
1036,0.6369034
1038,0.3378105
1039,0.61989564
1051,0.44135052
1052,0.31875265
1066,0.34263653
1087,0.3064724
1092,0.21440823
1094,0.7558255
1098,0.4070385
1099,0.36250427
1102,0.3998299
1118,0.3820486
1131,0.32476974
1133,0.762691
1135,0.8932984
1138,0.439995
1139,0.73143494
1142,0.40216598
1151,0.3914641
1152,0.34960112
1155,0.6627931
1165,0.34200612
1167,0.92002493
1172,0.39037532
1174,0.6778226
1180,0.43569717
1200,0.3859533
1202,0.36716574
1227,0.62877536
1228,0.71648806
1229,0.35480598
1237,0.42439055
1241,0.3880614
1256,0.31761515
1279,0.39745256
1293,0.27563444
1295,0.3449666
1319,0.7631095
1320,0.3901289
1321,0.77031064
1322,0.64167696
1334,0.184361
1351,0.7397124
1373,0.35370672
1375,0.32540512
1380,0.4336601
1382,0.7250861
1385,0.45144507
1399,0.3522553
1403,0.8941323
1428,0.28388718
1434,0.30085695
1444,0.90934366
1448,0.38107327
1466,0.7972885
1476,0.37217128
1478,0.3581103
1485,0.36106983
1491,0.73460007
1494,0.6440783
1500,0.4042001
1501,0.65286934
1503,0.39456928
1519,0.7114653
1524,0.3363356
1529,0.74540216
1533,0.7087183
1538,0.9686798
1539,0.34963274
1546,0.40589118
1555,0.33449864
1559,0.36696526
1563,0.6828888
1565,0.78080404
1574,0.35543942
1591,0.3161891
1594,0.27977842
1605,0.29548693
1611,0.37678447
1614,0.32989806
1620,0.3543735
1626,0.30093166
1630,0.3471141
1632,0.35268676
1634,0.31606215
1643,0.32168663
1651,0.41356987
1655,0.35847268
1658,0.29547572
1659,0.38319257
1665,0.37846228
1675,0.35326678
1680,0.71559477
1690,0.36195034
1696,0.2751948
1714,0.2906119
1721,0.34802267
1726,0.3626183
1728,0.3621307
1734,0.36535332
1735,0.34377825
1740,0.32721677
1744,0.79195166
1747,0.35103
1752,0.3085767
1763,0.74691516
1765,0.7359033
1769,0.3582254
1785,0.6222442
1787,0.34622025
1788,0.40816706
1793,0.32538307
1800,0.38488445
1825,0.40068313
1826,0.75001144
1834,0.30885333
1843,0.3379153
1844,0.34077913
1848,0.34417385
1849,0.4081586
1860,0.4070351
1863,0.40646052
1875,0.6123885
1883,0.35634118
1890,0.34630346
1892,0.34261382
1893,0.37488562
1897,0.34117955
1905,0.36484528
1908,0.6200994
1931,0.29245254
1940,0.71829313
1943,0.36656258
1947,0.22358643
1965,0.6264469
1967,0.3873765
1968,0.38447675
1972,0.74394524
1982,0.29219705
1985,0.28731608
2005,0.76903737
2010,0.73384595
2021,0.36925304
2024,0.7478404
2036,0.37941933
2043,0.62981516
2047,0.61152446
2049,0.35825658
2055,0.29522887
2065,0.3981441
2066,0.3205274
2070,0.32405144
2077,0.8282776
2085,0.6806032
2095,0.6385072
2097,0.7129311
2108,0.42854804
2112,0.6678616
2113,0.67854756
2122,0.16790633
2139,0.3925047
2144,0.6214078
2146,0.28820115
2148,0.18302567
2149,0.7260435
2157,0.35782954
2159,0.3593054
2168,0.37449193
2176,0.35333052
2178,0.6818267
2181,0.26216698
2187,0.75668496
2188,0.33115765
2190,0.32605925
2194,0.40375012
2197,0.30507317
2214,0.29640016
2217,0.1704634
2222,0.37878695
2223,0.32609624
2226,0.3286977
2230,0.7123112
2240,0.45403513
2247,0.33563176
2250,0.31279892
2259,0.60723555
2262,0.37667096
2266,0.36534286
2305,0.33203366
2310,0.32772923
2313,0.40647918
2319,0.7813794
2320,0.66206515
2345,0.28840068
2350,0.7074022
2356,0.37309453
2360,0.6279874
2370,0.39619744
2386,0.34252718
2398,0.3590268
2414,0.7275529
2435,0.7530545
2439,0.41176328
2446,0.7474561
2458,0.32257223
2465,0.33401722
2466,0.3834974
2470,0.31837094
2495,0.70901245
2501,0.34111252
2507,0.29872188
2533,0.108159006
2537,0.37235424
2538,0.3255112
2541,0.30788368
2542,0.7528223
2544,0.7120284
2554,0.26790154
2555,0.26680383
2565,0.47321495
2575,0.7307971
2586,0.44781074
2588,0.35713947
2594,0.71090513
2617,0.44220486
2618,0.31541926
2623,0.9702754
2631,0.5000363
2640,0.2751972
2642,0.7396158
2647,0.37819904
2663,0.3742406
2664,0.3494546
2676,0.3713437
2680,0.9512674
2681,0.36873245
2691,0.33854225
2693,0.38171366
2695,0.41900492
2704,0.30918404
2708,0.37036687
2709,0.9547982
2717,0.76675874
2722,0.39117017
2728,0.34127268
2732,0.7463989
2743,0.411214
2752,0.30105326
2757,0.7368197
2761,0.39337283
2769,0.28509718
2771,0.3544858
2774,0.3549633
2776,0.34173265
2781,0.3353916
2793,0.34119955
2799,0.3243438
2803,0.2914433
2811,0.32903498
2818,0.344608
2824,0.4357485
2828,0.7598794
2829,0.3629044
2830,0.3866536
2842,0.71645355
2847,0.73330146
2848,0.33121789
2868,0.337242
2870,0.3097843
2885,0.19294025
2886,0.37817654
2889,0.6168528
2903,0.37494797
2904,0.7325346
2918,0.7741624
2919,0.3231703
2922,0.3880476
2923,0.3370755
2931,0.32287958
2945,0.33879235
2955,0.36651853
2957,0.7063073
2960,0.7483641
2963,0.28061274
2966,0.7160956
2972,0.69232625
2974,0.30885956
2982,0.2801374
2984,0.6763425
3016,0.41800597
3021,0.32354262
3023,0.69818264
3025,0.38906002
3029,0.2707589
3034,0.74536467
3038,0.33820012
3040,0.37007496
3051,0.74327666
3062,0.31469193
3069,0.3231414
3071,0.26617754
3076,0.90039986
3079,0.31989053
3081,0.2960425
3082,0.3830761
3084,0.7970076
3098,0.36877665
3104,0.39579588
3105,0.35797757
3114,0.75682235
3118,0.3584446
3122,0.29110715
3132,0.26514608
3138,0.351935
3141,0.3711601
3156,0.68290275
3162,0.7294935
3167,0.32015517
3170,0.33847275
3171,0.2908248
3172,0.32710528
3176,0.9706284
3180,0.33991134
3189,0.2746991
3198,0.3377782
3206,0.37714425
3215,0.38828495
3222,0.70402056
3228,0.34566316
3229,0.3366671
3232,0.2246281
3233,0.24821307
3238,0.34226575
3256,0.3747751
3264,0.5872814
3273,0.3866154
3275,0.63886464
3285,0.5845898
3289,0.29622185
3294,0.32907718
3306,0.35924104
3311,0.74802995
3318,0.34558007
3322,0.61258113
3324,0.34395438
3334,0.5713151
3341,0.36062074
3345,0.30390897
3346,0.89848256
3352,0.30835336
3368,0.33325675
3371,0.16300182
3372,0.3708113
3375,0.39239064
3384,0.33609393
3387,0.28425676
3393,0.3682775
3406,0.3740133
3411,0.5886744
3412,0.64566654
3414,0.5455571
3417,0.6853092
3420,0.76391566
3423,0.7570384
3436,0.28980142
3438,0.7057511
3442,0.2930185
3443,0.35459366
3451,0.26462662
3461,0.3647331
3489,0.2878864
3491,0.5314979
3510,0.6822768
3515,0.5490093
3527,0.34691817
3530,0.37013283
3540,0.28755924
3582,0.19343868
3604,0.34957132
3605,0.29016662
3609,0.3046235
3624,0.16040635
3628,0.7579549
3630,0.30060998
3641,0.29519475
3642,0.26917747
3648,0.32834572
3650,0.97068644
3652,0.94106203
3660,0.363031
3664,0.27873883
3670,0.3213986
3672,0.3625046
3680,0.36000556
3682,0.96512735
3685,0.63024884
3686,0.31417498
3689,0.36205083
3705,0.36853972
3712,0.31028908
3713,0.34378543
3719,0.29517853
3721,0.3179589
3723,0.687174
3724,0.2752295
3727,0.28787374
3733,0.5689875
3734,0.38116488
3742,0.34579423
3770,0.16391332
3777,0.31905264
3778,0.31799284
3780,0.33073416
3783,0.3342188
3784,0.34606144
3788,0.33187193
3790,0.33162588
3794,0.31972742
3795,0.37633097
3796,0.37461263
3801,0.56496227
3806,0.3915885
3813,0.37631896
3814,0.3734968
3818,0.7086257
3824,0.42999977
3836,0.40416455
3853,0.44999772
3855,0.37478107
3858,0.41794813
3861,0.78502905
3866,0.36134517
3870,0.37297428
3874,0.96566963
3876,0.3202524
3878,0.31723377
3890,0.34473538
3900,0.83885956
3904,0.3733827
3906,0.34480327
3907,0.33345488
3908,0.3163899
3912,0.36983764
3918,0.95413023
3923,0.95792633
3924,0.36005938
3925,0.23656069
3927,0.63619107
3955,0.95416594
3964,0.3882184
3969,0.32515058
3974,0.7460264
3976,0.38760072
3984,0.3045121
3991,0.37263578
3993,0.97262514
4009,0.31175944
4011,0.39763376
4020,0.36421698
4033,0.33528334
4041,0.40737656
4045,0.76049656
4052,0.39875492
4055,0.38775188
4056,0.40510124
4057,0.4027862
4067,0.96729225
4069,0.39307564
4077,0.31065956
4094,0.36469415
4095,0.34807134
4100,0.37475684
4119,0.34689072
4130,0.645354
4131,0.3800308
4132,0.5765546
4134,0.6061908
4137,0.6378909
4138,0.36633483
4143,0.31219783
4145,0.38505977
4148,0.32956627
4163,0.16153298
4166,0.37919572
4169,0.7615851
4170,0.39407814
4174,0.38247323
4180,0.35803565
4199,0.9684331
4201,0.31587297
4203,0.3368661
4210,0.033798598
4211,0.3237105
4213,0.95675874
4225,0.36611736
4235,0.31437394
4242,0.3366159
4245,0.34019
4250,0.38269153
4252,0.3582366
4254,0.35817876
4263,0.36516276
4264,0.3578012
4268,0.3130132
4270,0.37121525
4282,0.7585842
4283,0.3631291
4291,0.36633965
4304,0.37782598
4306,0.3388569
4309,0.34361815
4310,0.34095454
4313,0.28009006
4314,0.35554904
4315,0.3247664
4321,0.34549734
4324,0.3360812
4325,0.3450561
4328,0.33364084
4329,0.28187808
4332,0.33726496
4337,0.3365758
4342,0.3796022
4344,0.37961137
4352,0.3699593
4355,0.29706073
4366,0.301126
4371,0.34578124
4372,0.3593222
4376,0.34923485
4384,0.3284927
4387,0.33965027
4389,0.36242923
4390,0.34666154
4406,0.31446514
4407,0.72328705
4409,0.97138953
4410,0.76073056
4424,0.3733032
4434,0.32723236
4452,0.29847783
4460,0.32399607
4470,0.71789706
4480,0.32596207
4496,0.95245874
4503,0.28728053
4512,0.35441303
4518,0.70873797
4519,0.34345505
4522,0.31895417
4525,0.33079994
4537,0.6154207
4546,0.2909985
4547,0.93987966
4553,0.3624375
4556,0.34586996
4558,0.7442982
4563,0.18053795
4568,0.3477388
4574,0.7554303
4578,0.26959592
4587,0.34380782
4592,0.58683723
4610,0.3669477
4615,0.43200102
4619,0.3593117
4620,0.60257256
4625,0.6949407
4635,0.35211292
4636,0.36733493
4641,0.34764698
4650,0.32850328
4653,0.72819823
4665,0.31239253
4668,0.89723605
4669,0.28619385
4670,0.31773496
4674,0.3198977
4675,0.3605603
4676,0.2284513
4679,0.2875056
4680,0.70132995
4686,0.31579587
4699,0.37344584
4713,0.7189086
4718,0.3329827
4721,0.33267355
4722,0.33450148
4724,0.3502915
4730,0.93232435
4731,0.34044254
4735,0.3311897
4743,0.2998097
4745,0.2685383
4746,0.6587833
4747,0.33639172
4748,0.31851658
4769,0.3553948
4771,0.36382693
4774,0.30378637
4784,0.3431208
4797,0.37022316
4801,0.62151366
4804,0.13267884
4820,0.30572394
4833,0.3730008
4834,0.37108895
4851,0.31781742
4859,0.30024666
4860,0.95226455
4863,0.36549973
4873,0.37332454
4881,0.26985505
4892,0.32809424
4908,0.40972257
4911,0.3322612
4915,0.28538564
4922,0.33635277
4929,0.3695987
4936,0.33743963
4939,0.40773776
4951,0.3330754
4956,0.3337918
4961,0.37132543
4964,0.3196987
4981,0.35732248
4991,0.95689404
4992,0.34245586
4997,0.33941045
5004,0.3266428
5010,0.3169683
5012,0.3798647
5015,0.14193256
5020,0.36777756
5030,0.33885005
5051,0.9696343
5052,0.40089026
5057,0.7249343
5058,0.5059201
5060,0.35616657
5061,0.34731287
5064,0.4859791
5078,0.4027916
5080,0.42631397
5088,0.36814854
5089,0.6419019
5090,0.30697536
5103,0.8825088
5108,0.3490381
5114,0.32524145
5115,0.3417269
5124,0.69501734
5137,0.40560883
5139,0.33273503
5144,0.30999288
5149,0.7395121
5157,0.31198624
5163,0.29903224
5174,0.32005286
5176,0.42273575
5179,0.2853288
5186,0.43984878
5203,0.7299673
5204,0.7523875
5206,0.2855181
5207,0.6283627
5220,0.34711093
5221,0.7384118
5224,0.31766292
5227,0.2671007
5229,0.26884013
5232,0.73313636
5240,0.72972435
5242,0.57950884
5243,0.32338265
5245,0.6488452
5248,0.40160927
5249,0.26240093
5254,0.3286529
5269,0.34156224
5272,0.36277846
5276,0.31920558
5286,0.7558112
5290,0.29204884
5308,0.3116246
5316,0.34447783
5318,0.38691863
5319,0.30647606
5320,0.4992108
5322,0.2984209
5324,0.27788824
5331,0.665361
5336,0.9604114
5344,0.3697303
5354,0.32182363
5356,0.03608464
5358,0.30705848
5361,0.35500264
5365,0.702846
5370,0.5470607
5376,0.32172257
5383,0.34882477
5384,0.33588535
5385,0.34893605
5393,0.788917
5397,0.33413836
5398,0.348691
5402,0.3578306
5407,0.64463985
5409,0.35151726
5425,0.39440334
5428,0.69287616
5430,0.34648418
5442,0.3497916
5447,0.40830004
5470,0.33846024
5485,0.32230383
5493,0.30363852
5502,0.60568136
5504,0.34860128
5517,0.25563514
5522,0.3645643
5527,0.7532446
5528,0.28912598
5536,0.61857957
5545,0.28582972
5576,0.33749086
5577,0.29827794
5592,0.2732723
5594,0.29182696
5595,0.34308568
5596,0.31511164
5599,0.39762962
5606,0.41389382
5617,0.31968886
5625,0.7212587
5626,0.27634174
5627,0.7111172
5642,0.6823477
5659,0.9484781
5664,0.70460504
5666,0.7266275
5671,0.29985753
5674,0.34772196
5677,0.67066187
5681,0.32720104
5683,0.033173185
5700,0.4048639
5713,0.42233324
5715,0.42199284
5718,0.3229847
5726,0.5788593
5738,0.33522582
5741,0.7195608
5743,0.7374621
5753,0.36363903
5761,0.32831877
5789,0.6720012
5797,0.35050014
5803,0.3250236
5810,0.4158413
5813,0.34003484
5817,0.29214007
5818,0.3833027
5822,0.2832572
5829,0.42495552
5846,0.41429722
5847,0.27473107
5854,0.2877192
5858,0.38673863
5863,0.2869203
5869,0.3063788
5870,0.32754725
5876,0.11693809
5881,0.27767277
5901,0.29860738
5922,0.5793628
5928,0.75547963
5933,0.44174427
5934,0.759518
5946,0.36477527
5951,0.2947776
5955,0.31851044
5956,0.8089454
5965,0.3172914
5972,0.3497615
5981,0.28195745
5997,0.38169324
6005,0.2542972
6009,0.2404678
6010,0.30795845
6015,0.338155
6039,0.2806106
6047,0.7104439
6051,0.029131945
6056,0.355367
6061,0.3190747
6064,0.25423878
6065,0.3711311
6070,0.33455396
6085,0.73385704
6086,0.17795771
6091,0.7707156
6097,0.28340164
6099,0.40203032
6104,0.72272396
6108,0.40135485
6109,0.40101963
6124,0.54398525
6142,0.73346746
6144,0.32576877
6150,0.32654205
6154,0.406485
6155,0.32608628
6156,0.97138864
6158,0.34374288
6159,0.9655304
6169,0.71146727
6170,0.02915947
6179,0.33454248
6184,0.57994354
6186,0.7156876
6204,0.089100964
6230,0.39701894
6231,0.35458994
6232,0.82632643
6235,0.328419
6237,0.7041157
6239,0.33084276
6263,0.38999972
6265,0.30926865
6270,0.48886
6271,0.3170895
6278,0.3962713
6279,0.7080174
6288,0.3532448
6294,0.35858756
6295,0.2994963
6302,0.69645464
6306,0.31627655
6322,0.7278261
6324,0.38239965
6327,0.29479894
6331,0.41815814
6334,0.32303318
6338,0.68039614
6339,0.67999625
6362,0.3497612
6372,0.4037597
6375,0.7475863
6393,0.27696052
6394,0.44108063
6405,0.94904554
6406,0.61082673
6416,0.63523006
6421,0.41086492
6422,0.31313965
6440,0.95195365
6457,0.7466712
6460,0.57443863
6463,0.4225534
6474,0.7387923
6476,0.37494558
6477,0.35403457
6482,0.76156366
6488,0.34370974
6489,0.33163974
6494,0.34464797
6499,0.70614046
6507,0.2829694
6524,0.3476187
6527,0.31374925
6531,0.3108482
6536,0.3918181
6538,0.1118758
6542,0.69761276
6565,0.3434753
6584,0.37425444
6588,0.364352
6597,0.3354791
6603,0.75744146
6609,0.7483318
6613,0.75684226
6622,0.31156555
6630,0.35528886
6637,0.27962035
6639,0.747392
6640,0.2794952
6646,0.38266808
6647,0.41957122
6648,0.945847
6669,0.33455348
6680,0.27500564
6681,0.31537133
6684,0.031034231
6693,0.3705952
6694,0.3197582
6704,0.31940347
6706,0.38213286
6710,0.375808
6713,0.3681638
6718,0.25794685
6732,0.36266175
6737,0.35495433
6739,0.34364137
6742,0.37502143
6746,0.6062841
6753,0.3255219
6771,0.27967027
6784,0.31283832
6790,0.96916246
6795,0.3970308
6807,0.32984564
6808,0.33308715
6818,0.30429706
6823,0.3397322
6830,0.41806066
6831,0.40977123
6832,0.34017366
6836,0.3875881
6846,0.36503005
6850,0.38135716
6854,0.38223046
6868,0.75296557
6876,0.58316976
6877,0.70799226
6881,0.14176567
6882,0.33889726
6884,0.3735272
6886,0.33997938
6901,0.35961524
6910,0.37373722
6913,0.34086573
6914,0.71847206
6918,0.73788595
6930,0.5835036
6941,0.32858118
6944,0.62979054
6945,0.33134085
6947,0.4118465
6949,0.7465714
6952,0.4146787
6963,0.5993148
6964,0.7043219
6972,0.7407885
6979,0.4454974
6981,0.33474922
6988,0.74944365
6990,0.3566415
6998,0.34207776
7004,0.37460133
7016,0.5630769
7027,0.36324474
7042,0.3435639
7056,0.3017251
7061,0.32233256
7069,0.6133843
7071,0.3692438
7088,0.6129251
7099,0.37273708
7108,0.32714996
7121,0.7343437
7125,0.7598809
7136,0.6145821
7149,0.7004556
7150,0.6154636
7151,0.30124554
7167,0.3348746
7177,0.72256005
7178,0.15119296
7183,0.63766044
7186,0.38243958
7190,0.29992935
7201,0.39017403
7202,0.36585805
7207,0.3394968
7213,0.34804505
7224,0.70368713
7225,0.30459926
7233,0.30752227
7239,0.30574346
7246,0.2845802
7248,0.3406002
7261,0.40796244
7264,0.36915168
7266,0.29808325
7274,0.31458667
7279,0.29760632
7293,0.32928807
7315,0.30365738
7322,0.3326635
7326,0.71952605
7341,0.36907366
7363,0.38570344
7365,0.61624074
7371,0.33570835
7377,0.37433118
7393,0.7520636
7405,0.29901358
7410,0.36798158
7434,0.66373146
7438,0.3748011
7447,0.6649933
7450,0.66069615
7452,0.36934555
7453,0.20482555
7455,0.3364621
7456,0.41404897
7457,0.85511273
7466,0.4439089
7470,0.76294667
7474,0.3491915
7487,0.5562813
7488,0.40211782
7492,0.670379
7496,0.36274415
7501,0.6298676
7505,0.45456204
7512,0.30018392
7526,0.5861973
7536,0.6651083
7538,0.73134524
7539,0.39099583
7544,0.7684652
7554,0.56312865
7564,0.37241095
7566,0.69192773
7580,0.6582443
7581,0.79623365
7584,0.40154794
7587,0.36939144
7589,0.43246648
7590,0.42006034
7594,0.6269858
7597,0.38278827
7602,0.7762695
7603,0.36621308
7605,0.67670214
7609,0.3898268
7613,0.377829
7619,0.3226551
7625,0.3237619
7626,0.44414076
7636,0.44112983
7639,0.7641185
7641,0.38282976
7643,0.7356607
7644,0.35079482
7657,0.40345827
7661,0.75400144
7666,0.34246257
7673,0.3631884
7683,0.39035547
7685,0.4168555
7699,0.3682508
7704,0.72068787
7705,0.62854
7708,0.61616427
7728,0.3290449
7733,0.4171794
7741,0.44705942
7743,0.39864329
7745,0.41074634
7754,0.70170194
7756,0.35800162
7757,0.3955616
7770,0.6248518
7773,0.97195363
7774,0.4004632
7776,0.729224
7777,0.369815
7778,0.3447087
7781,0.38664752
7784,0.3640657
7789,0.7658026
7794,0.5740437
7799,0.39941525
7801,0.6815724
7818,0.30733714
7823,0.34087
7828,0.4206814
7832,0.40842023
7839,0.42346227
7851,0.75001174
7856,0.42701173
7868,0.39362878
7869,0.17699143
7872,0.3520693
7874,0.37254995
7878,0.3032247
7888,0.3857102
7913,0.35446554
7923,0.40570715
7925,0.38973215
7926,0.62315995
7938,0.37962085
7942,0.7284715
7945,0.36654374
7954,0.61133534
7963,0.36005312
7969,0.41041702
7970,0.4472352
7977,0.4423801
7981,0.31662175
7990,0.30262473
8020,0.5990458
8023,0.36167985
8025,0.50892156
8034,0.42744595
8039,0.40440425
8046,0.36152542
8051,0.36890355
8055,0.380031
8060,0.38800165
8063,0.36126843
8073,0.97083145
8074,0.3702805
8076,0.70507187
8080,0.34762862
8088,0.32668722
8102,0.5491528
8103,0.45065114
8104,0.45065114
8105,0.36616796
8109,0.29573017
8115,0.4411827
8121,0.6332419
8126,0.37022606
8135,0.79476655
8153,0.6414973
8156,0.31645256
8160,0.69241834
8161,0.39983296
8162,0.3947275
8171,0.3653879
8181,0.38289845
8183,0.38141984
8185,0.3130987
8191,0.9721399
8203,0.3417288
8204,0.7369307
8207,0.62980723
8208,0.3940981
8209,0.61171925
8210,0.3491995
8225,0.3792246
8226,0.3459603
8231,0.63906574
8233,0.17768052
8244,0.6827145
8250,0.40292934
8261,0.44115806
8265,0.36854336
8278,0.3838349
8279,0.36872056
8280,0.31309536
8296,0.73706263
8299,0.41601628
8300,0.42446172
8301,0.36728868
8305,0.42748857
8327,0.44171932
8334,0.40121147
8349,0.34195992
8355,0.36300135
8361,0.34762672
8362,0.36711106
8364,0.36741242
8365,0.36363727
8375,0.37561738
8378,0.6842843
8380,0.34024328
8381,0.38074672
8387,0.39791307
8399,0.74727786
8402,0.9574535
8409,0.3844376
8433,0.7320579
8436,0.37441063
8442,0.33326206
8448,0.35854048
8464,0.40286586
8469,0.5976427
8474,0.6061146
8478,0.4065039
8482,0.40213186
8490,0.19028202
8510,0.38515726
8511,0.3781968
8527,0.3256864
8532,0.35413316
8533,0.3671499
8538,0.40407348
8541,0.4359693
8545,0.41003296
8553,0.37136444
8554,0.38445243
8555,0.43406007
8569,0.3833039
8586,0.766731
8593,0.4018767
8600,0.96990764
8606,0.79029346
8607,0.36943644
8611,0.32019112
8613,0.7273576
8618,0.7721591
8630,0.35763863
8637,0.35746387
8650,0.39064625
8652,0.20044386
8661,0.43206438
8669,0.42318198
8673,0.41859278
8674,0.41580555
8678,0.7715124
8682,0.3946704
8688,0.3301515
8689,0.70229596
8695,0.33792427
8698,0.3778527
8703,0.33122647
8709,0.39101037
8716,0.42652565
8723,0.35440657
8737,0.5404947
8753,0.35689363
8773,0.44057012
8774,0.3804419
8778,0.7214872
8786,0.6517377
8794,0.43025953
8795,0.62203956
8800,0.35112405
8804,0.39986074
8808,0.38518265
8809,0.33416793
8817,0.42040002
8818,0.35826015
8825,0.3631385
8830,0.4079987
8833,0.42480698
8834,0.36026603
8836,0.37469372
8837,0.37404048
8844,0.35829303
8851,0.39946228
8861,0.847517
8864,0.38208166
8865,0.39513293
8869,0.3487648
8873,0.7575683
8880,0.81006634
8884,0.31154597
8888,0.3861628
8889,0.3278022
8891,0.76935136
8893,0.30075553
8897,0.42921868
8905,0.35710415
8910,0.7541801
8918,0.43397945
8939,0.3691508
8940,0.34778115
8941,0.33687833
8944,0.38571876
8949,0.31001264
8950,0.337213
8958,0.8050868
8967,0.7770951
8975,0.5892262
8979,0.35765222
8980,0.36884552
8991,0.31618473
8995,0.21430217
8996,0.37183648
8998,0.7239722
9000,0.37993264
9001,0.6942939
9002,0.34277865
9024,0.42584708
9026,0.39501724
9027,0.34914246
9034,0.3940703
9038,0.39267957
9050,0.36631963
9052,0.81091523
9054,0.42843026
9078,0.7658297
9097,0.30289164
9109,0.3402575
9112,0.7040171
9115,0.40779325
9125,0.45147875
9132,0.35737458
9136,0.31611267
9139,0.34782273
9140,0.34689128
9142,0.6071202
9143,0.33121407
9147,0.5547565
9159,0.3553793
9165,0.7140823
9172,0.41744617
9177,0.44899815
9179,0.39303678
9185,0.39827374
9196,0.8363138
9201,0.43909538
9209,0.39364034
9210,0.62755585
9212,0.1494171
9214,0.34646007
9240,0.9576279
9241,0.35302365
9244,0.39107424
9249,0.37814972
9250,0.6620634
9255,0.4135936
9258,0.6442346
9263,0.35724056
9266,0.6717835
9269,0.31954917
9272,0.37183627
9276,0.7402959
9290,0.34565333
9299,0.36372063
9303,0.31854698
9310,0.07437695
9311,0.39886513
9314,0.37478262
9315,0.7797175
9325,0.41867584
9328,0.6383945
9329,0.43823692
9332,0.9573853
9337,0.44773397
9353,0.8164127
9355,0.40181234
9356,0.42609477
9362,0.77748203
9364,0.40497258
9366,0.3969366
9387,0.9060468
9388,0.9728783
9396,0.47911477
9400,0.3841018
9406,0.39558503
9411,0.374118
9416,0.6708658
9417,0.7826645
9423,0.7861433
9425,0.43730947
9426,0.41672906
9427,0.34446925
9429,0.76762223
9430,0.787401
9434,0.3394653
9442,0.42725343
9458,0.34660837
9476,0.36742514
9481,0.40642926
9483,0.41219345
9484,0.42036492
9487,0.75954527
9488,0.33800125
9490,0.39741656
9502,0.9017299
9505,0.35477462
9509,0.39786342
9515,0.40488076
9516,0.385056
9532,0.21154588
9539,0.67745334
9542,0.3470787
9549,0.41916558
9550,0.6690523
9553,0.32816646
9554,0.19880916
9561,0.35434723
9566,0.40215242
9571,0.4014543
9577,0.35042417
9584,0.33967647
9592,0.36789286
9596,0.76974314
9602,0.33997324
9603,0.39660564
9604,0.74377996
9608,0.7454713
9609,0.42713282
9613,0.4009165
9623,0.39210653
9630,0.97213584
9633,0.41063556
9648,0.36368656
9665,0.46664664
9668,0.42059153
9678,0.41616973
9679,0.38261527
9693,0.7728795
9718,0.76076734
9720,0.7578087
9744,0.33128482
9745,0.3601946
9746,0.6531247
9753,0.34381193
9758,0.40583724
9759,0.34983444
9763,0.38295552
9766,0.32775012
9767,0.34546703
9777,0.54198784
9781,0.38931313
9789,0.35165966
9790,0.312648
9799,0.30944622
9802,0.3425671
9805,0.7231643
9807,0.3015425
9812,0.32466877
9818,0.3409407
9820,0.77147794
9822,0.39238632
9824,0.4138817
9834,0.39476058
9836,0.18020983
9847,0.35443848
9864,0.74092174
9869,0.35480946
9875,0.39069086
9880,0.35519493
9889,0.7679117
9894,0.35078537
9909,0.7449111
9915,0.3766801
9919,0.2968372
9920,0.7585049
9940,0.7120165
9946,0.67990655
9958,0.766124
9959,0.37948126
9973,0.64226
9976,0.39495337
9978,0.40580747
9982,0.38766643
9987,0.321945
9988,0.2655662
9992,0.400401
10000,0.034983072
10002,0.7568822
10005,0.37740615
10008,0.30029058
10009,0.36713627
10011,0.28680336
10021,0.3290177
10022,0.7511367
10053,0.3512195
10074,0.39012176
10076,0.39133996
10090,0.36315706
10092,0.18525288
10099,0.40279606
10102,0.3907896
10103,0.36180967
10106,0.40466675
10108,0.7417872
10113,0.7402943
10119,0.31515032
10122,0.34657288
10125,0.3471507
10140,0.30984452
10155,0.31710935
10159,0.37057814
10164,0.36811435
10175,0.39543694
10176,0.7183832
10178,0.3711748
10186,0.4230365
10200,0.3174402
10204,0.41248763
10206,0.3816909
10211,0.38062358
10212,0.4071519
10217,0.37518165
10220,0.4468395
10230,0.4473068
10234,0.32871416
10235,0.36914313
10239,0.34044352
10240,0.3425744
10242,0.32595578
10245,0.3310846
10246,0.68510145
10247,0.31875592
10250,0.3254775
10254,0.77836365
10257,0.4054294
10260,0.36297023
10261,0.7665312
10265,0.34933993
10273,0.32397315
10274,0.34000072
10277,0.32931533
10289,0.71128166
10290,0.34703165
10298,0.38111392
10301,0.37200573
10304,0.40366653
10305,0.40518355
10313,0.3907451
10320,0.3737359
10323,0.33799642
10328,0.33060074
10332,0.937189
10336,0.9713234
10343,0.39092377
10348,0.42886162
10350,0.33506697
10351,0.3301955
10354,0.34358302
10372,0.29510435
10373,0.64327604
10380,0.36509463
10383,0.29205772
10396,0.70397955
10397,0.4535854
10399,0.70821685
10400,0.43791738
10401,0.33590624
10402,0.34684762
10403,0.4226641
10410,0.89637434
10412,0.6135926
10415,0.3218694
10424,0.38341126
10428,0.33230022
10432,0.36745736
10462,0.41231146
10477,0.33187678
10482,0.34717083
10484,0.38470706
10493,0.37685546
10495,0.3510732
10497,0.34725827
10516,0.37683758
10521,0.14750597
10522,0.778997
10523,0.74002945
10528,0.4121354
10530,0.22431055
10532,0.5952889
10533,0.39397022
10543,0.7369049
10547,0.61064696
10552,0.4042767
10558,0.3076059
10571,0.33099163
10572,0.29066798
10574,0.28416872
10583,0.44357783
10600,0.33793315
10607,0.62122446
10608,0.6188091
10614,0.12859146
10630,0.36474967
10634,0.37502664
10635,0.35778105
10641,0.75691676
10643,0.6213308
10644,0.4278684
10648,0.6081821
10669,0.35911006
10675,0.5869836
10686,0.7759205
10704,0.4058847
10707,0.3802011
10722,0.33754808
10736,0.72378135
10764,0.3137177
10767,0.7625146
10776,0.37314996
10779,0.44538543
10781,0.37183836
10792,0.69663423
10797,0.38192046
10798,0.36438718
10801,0.6163427
10802,0.5560046
10805,0.37934092
10808,0.36255258
10810,0.7042941
10816,0.37505797
10817,0.3765826
10829,0.7242444
10843,0.34958968
10858,0.41692334
10866,0.36820865
10876,0.3881745
10887,0.30369294
10891,0.27762637
10896,0.39635897
10900,0.6357557
10905,0.27170447
10907,0.37249628
10917,0.25632766
10936,0.4082006
10947,0.36280033
10948,0.6973627
10951,0.34346044
10955,0.3422579
10969,0.38616052
10984,0.37594488
10987,0.34152615
10990,0.31690988
10992,0.31979558
10996,0.39359757
10997,0.41909352
10999,0.35426384
11000,0.7335478
11001,0.40356854
11010,0.41600937
11016,0.43130583
11018,0.7682686
11034,0.8343437
11039,0.38732067
11041,0.34071493
11047,0.35135972
11053,0.61886275
11055,0.21268594
11056,0.35945788
11065,0.2714938
11068,0.64512753
11070,0.37303177
11071,0.63454264
11072,0.3793072
11079,0.42955753
11091,0.35249558
11094,0.27960137
11112,0.41609663
11113,0.396479
11128,0.255855
11153,0.6204245
11154,0.09957918
11163,0.38780764
11179,0.30468094
11181,0.25765467
11206,0.14330904
11216,0.30686998
11221,0.36962637
11223,0.6768254
11228,0.7420683
11235,0.37234598
11237,0.40385267
11244,0.2968203
11256,0.3781527
11267,0.37578207
11272,0.7053348
11281,0.34911337
11285,0.30720037
11288,0.4328126
11291,0.35415196
11293,0.39302918
11297,0.34347934
11298,0.2761255
11299,0.39172345
11301,0.3443724
11309,0.6992647
11331,0.35854647
11332,0.35516033
11337,0.39675862
11343,0.74107885
11347,0.35990003
11348,0.6863352
11355,0.95289046
11368,0.33156025
11369,0.7093081
11371,0.76844406
11378,0.62044597
11384,0.39158097
11387,0.3579591
11393,0.33147967
11399,0.42756984
11412,0.75790167
11431,0.37828404
11432,0.37656936
11444,0.82427835
11450,0.97241294
11451,0.61145556
11476,0.32702902
11488,0.35401496
11495,0.6907914
11505,0.32991025
11508,0.8482153
11518,0.38130438
11522,0.13477905
11524,0.4007348
11533,0.40305075
11549,0.3145444
11551,0.97071844
11560,0.36301652
11563,0.34525117
11565,0.72499394
11567,0.3385294
11569,0.36922672
11598,0.5864159
11604,0.67425185
11611,0.3750557
11617,0.41918698
11626,0.36862385
11642,0.37408328
11643,0.31148204
11648,0.3361332
11651,0.34631673
11663,0.37882257
11666,0.30415258
11685,0.41505125
11686,0.59391224
11698,0.27495673
11708,0.37627387
11711,0.35615754
11718,0.31839937
11742,0.31600046
11761,0.6973052
11767,0.38597623
11768,0.3601428
11775,0.5753914
11779,0.38073274
11786,0.90024024
11790,0.6924301
11791,0.37501192
11796,0.032753527
11806,0.5830859
11810,0.37681574
11811,0.35193864
11814,0.7054382
11816,0.36304334
11820,0.38956496
11822,0.3140198
11829,0.5459395
11832,0.36046067
11834,0.7249932
11836,0.29705796
11837,0.32691336
11844,0.73320127
11847,0.63886756
11864,0.7204806
11865,0.6264347
11872,0.37103415
11873,0.40048686
11886,0.41405833
11894,0.33733135
11905,0.3238958
11906,0.2431055
11907,0.3477689
11912,0.36179402
11914,0.66182667
11918,0.38300154
11924,0.37021405
11929,0.88645875
11930,0.3547028
11936,0.34442577
11937,0.3761318
11954,0.39402676
11957,0.28731248
11964,0.26697907
11968,0.2222876
11972,0.4208557
11976,0.39405367
11979,0.16876736
11981,0.36768153
11983,0.3675425
11989,0.1572398
11991,0.38567463
11998,0.39135674
12003,0.39866972
12007,0.39433563
12011,0.621586
12014,0.3441998
12024,0.35022843
12033,0.39711896
12034,0.37138978
12041,0.32356834
12046,0.39459133
12056,0.32422978
12064,0.370119
12069,0.32737666
12070,0.34180653
12071,0.35014376
12072,0.2880386
12078,0.31729186
12091,0.6298609
12092,0.40808097
12094,0.33486432
12098,0.35190615
12103,0.33479232
12115,0.7308461
12118,0.40755126
12122,0.556425
12125,0.89587337
12133,0.36133903
12137,0.4323019
12141,0.31693298
12143,0.33616787
12144,0.7557717
12154,0.33757123
12163,0.35034695
12170,0.63032234
12193,0.32884455
12196,0.3490049
12206,0.34635863
12209,0.3745037
12214,0.3691897
12228,0.33171892
12233,0.5994653
12238,0.3879187
12242,0.32370162
12245,0.675656
12247,0.38140976
12251,0.38984516
12287,0.3796074
12292,0.7342157
12304,0.35857353
12317,0.7137129
12320,0.7383303
12323,0.7504431
12328,0.36590138
12333,0.74356097
12334,0.32689136
12335,0.59204733
12352,0.41077706
12358,0.3231911
12364,0.36759907
12376,0.31319678
12396,0.37669015
12402,0.95745367
12406,0.32307068
12408,0.31641155
12410,0.8249052
12413,0.6406294
12417,0.34627774
12424,0.5854793
12425,0.37846753
12426,0.33947226
12430,0.3538826
12432,0.70390993
12433,0.32989463
12451,0.18222186
12457,0.58206314
12465,0.41612414
12468,0.61240023
12474,0.36736128
12475,0.41643608
12486,0.4370451
12487,0.61529726
12514,0.34071958
12524,0.97070146
12526,0.3562392
12530,0.36033335
12532,0.1375253
12593,0.3066712
12599,0.3754896
12600,0.35937977
12603,0.37698892
12624,0.95737654
12630,0.3724706
12638,0.4018517
12641,0.72861874
12643,0.7356756
12656,0.32314458
12666,0.76838106
12673,0.76057374
12675,0.29071745
12678,0.7768795
12692,0.034232415
12693,0.73693293
12707,0.32935312
12711,0.7388117
12716,0.29488182
12717,0.7188394
12723,0.35729736
12738,0.33614132
12742,0.34061927
12746,0.36029878
12753,0.38031456
12758,0.3575061
12760,0.30202967
12763,0.3613552
12764,0.35145345
12768,0.34819058
12776,0.3296087
12777,0.3593715
12783,0.7038475
12804,0.3102269
12824,0.37595963
12839,0.3300902
12847,0.34519207
12850,0.9525619
12867,0.7706328
12883,0.3187813
12887,0.33120373
12890,0.28530115
12903,0.61643845
12906,0.3291057
12907,0.16015978
12909,0.26233882
12912,0.34418374
12915,0.2970286
12930,0.70293224
12931,0.5953162
12934,0.63239706
12951,0.3530206
12955,0.36366862
12973,0.40066367
12988,0.3653519
12999,0.3578263
13015,0.62479913
13026,0.7073417
13036,0.33889678
13039,0.28693098
13040,0.30760124
13041,0.44593623
13043,0.73089594
13057,0.29348737
13064,0.36622974
13068,0.75619304
13069,0.6412981
13073,0.59027386
13079,0.7306062
13086,0.35332546
13089,0.69448483
13093,0.40321064
13097,0.7529101
13098,0.31753516
13105,0.32966644
13107,0.5924377
13108,0.63233435
13110,0.37259266
13112,0.76398635
13114,0.38450712
13118,0.38144276
13127,0.36113647
13129,0.37352845
13142,0.95994157
13146,0.40782636
13149,0.33962184
13157,0.3243294
13158,0.76652724
13159,0.7628053
13161,0.2865362
13162,0.351222
13166,0.33691072
13168,0.347116
13170,0.8279989
13186,0.6135656
13191,0.35663274
13203,0.3289517
13209,0.33295932
13212,0.34929657
13213,0.36034596
13222,0.30236843
13229,0.6359422
13234,0.63594776
13257,0.7230988
13258,0.35865876
13268,0.30191544
13270,0.36676475
13291,0.34146672
13292,0.566975
13299,0.34522966
13307,0.9678959
13309,0.29850593
13311,0.39019185
13312,0.3711322
13322,0.35464853
13324,0.7584916
13330,0.3917453
13338,0.31801122
13344,0.7274915
13348,0.30407563
13355,0.6187301
13365,0.9536931
13368,0.3370103
13370,0.39899412
13372,0.63632685
13377,0.7035744
13385,0.71501154
13389,0.35538962
13393,0.40813637
13395,0.3769898
13404,0.29964945
13411,0.3903141
13416,0.36804318
13434,0.3835381
13435,0.71013
13445,0.3546956
13446,0.35833067
13451,0.69670177
13462,0.6022366
13464,0.30930248
13466,0.3051386
13471,0.38033152
13472,0.7526916
13477,0.28111562
13481,0.32059857
13484,0.6510785
13490,0.35406947
13492,0.69086254
13500,0.2686013
13508,0.36438125
13516,0.3620483
13525,0.15620829
13526,0.40243196
13530,0.67970175
13532,0.34854662
13538,0.3355362
13546,0.40656164
13548,0.37648353
13550,0.78591335
13551,0.41743836
13564,0.3930107
13566,0.75497097
13570,0.3879698
13580,0.38881394
13585,0.2791374
13588,0.15267797
13592,0.40554208
13594,0.36071682
13609,0.33715567
13610,0.76688343
13613,0.34697452
13625,0.39037508
13626,0.7257543
13639,0.74850917
13645,0.70046526
13647,0.57668585
13648,0.16741392
13652,0.70510745
13654,0.7534864
13664,0.40635878
13673,0.33399966
13684,0.34075448
13690,0.34508714
13693,0.29006112
13696,0.28969353
13700,0.7036493
13701,0.31242228
13707,0.61284316
13713,0.30143714
13714,0.31471682
13716,0.6185228
13720,0.2971222
13727,0.38170153
13733,0.37581375
13738,0.31759787
13757,0.37350222
13759,0.6458358
13761,0.40593994
13767,0.27736336
13782,0.36163297
13786,0.4027346
13787,0.38858387
13792,0.28567618
13795,0.7545056
13798,0.36716133
13807,0.032602783
13809,0.33277425
13811,0.35890767
13815,0.3742956
13817,0.28017405
13818,0.288996
13822,0.3320982
13824,0.39623785
13829,0.2991828
13832,0.83456117
13840,0.62301964
13841,0.6161528
13868,0.36244363
13871,0.8962309
13880,0.37373862
13888,0.6770445
13890,0.73884463
13891,0.38870755
13895,0.33342376
13907,0.31696734
13910,0.70210415
13912,0.68948114
13913,0.34895498
13923,0.66489214
13929,0.39898202
13936,0.38541138
13946,0.2660308
13950,0.34460053
13951,0.3298669
13954,0.36580276
13958,0.728652
13969,0.6300335
13980,0.30903283
13981,0.4287688
13986,0.3679783
13987,0.35568684
13989,0.6299597
13992,0.3642907
13994,0.41083458
14001,0.66899234
14002,0.3992209
14004,0.37635112
14006,0.39012527
14012,0.63208306
14021,0.38183084
14024,0.779026
14045,0.33169267
14047,0.74888575
14057,0.37531668
14059,0.33139265
14060,0.3422744
14068,0.30383384
14070,0.5855293
14074,0.6002578
14076,0.6362357
14089,0.29389453
14115,0.3812914
14116,0.306731
14128,0.6552666
14131,0.3434276
14134,0.6805693
14137,0.6311813
14138,0.3556588
14139,0.74983543
14152,0.39773118
14153,0.7362664
14155,0.39032668
14156,0.7482446
14164,0.33725306
14165,0.46295777
14171,0.30926198
14174,0.3435806
14181,0.42904168
14186,0.7242893
14192,0.594819
14201,0.5935935
14210,0.6914333
14214,0.30858645
14231,0.37312946
14236,0.29436773
14241,0.41352218
14245,0.3603164
14249,0.32249647
14251,0.37412786
14262,0.34666955
14265,0.2681634
14267,0.6319789
14270,0.8374197
14276,0.68728733
14279,0.55168205
14281,0.3111709
14289,0.32500467
14290,0.30828074
14293,0.6261186
14295,0.6611169
14297,0.40698844
14298,0.4154271
14310,0.32207248
14312,0.7480772
14315,0.7295927
14318,0.59912014
14319,0.60913444
14325,0.61743915
14331,0.35738638
14334,0.33665702
14341,0.6272614
14343,0.9528111
14344,0.35020864
14346,0.34089935
14347,0.31078357
14349,0.34080607
14352,0.31010768
14358,0.29003882
14361,0.4303306
14363,0.6957852
14374,0.6075216
14376,0.43189237
14381,0.6130185
14398,0.34837285
14410,0.38234118
14412,0.29635757
14415,0.44388008
14423,0.6027783
14425,0.38591284
14436,0.36033955
14444,0.35226882
14455,0.71362406
14465,0.34418935
14469,0.4056168
14471,0.31795973
14475,0.339695
14479,0.3386425
14480,0.37224162
14488,0.5993641
14491,0.7458307
14501,0.36139247
14520,0.7202539
14522,0.585582
14523,0.31752878
14537,0.68041444
14538,0.6284713
14550,0.30992666
14561,0.36076933
14575,0.4133653
14586,0.3625427
14592,0.40916616
14601,0.71741647
14602,0.35256252
14604,0.3742604
14606,0.33357707
14627,0.3414159
14641,0.60517687
14652,0.30831447
14662,0.676784
14665,0.5595989
14673,0.57376945
14675,0.3731482
14679,0.66642845
14683,0.37352243
14686,0.32336485
14705,0.4562366
14708,0.33921328
14709,0.52056205
14710,0.33996233
14715,0.5735278
14717,0.39310068
14723,0.3537415
14725,0.29270175
14727,0.6161685
14728,0.34651655
14735,0.31781816
14746,0.3614025
14752,0.4722915
14757,0.25351158
14762,0.35982135
14763,0.3380935
14797,0.33713663
14812,0.34190616
14818,0.65614694
14825,0.38478005
14827,0.36766645
14829,0.3515382
14830,0.3889228
14837,0.3283855
14849,0.4043428
14863,0.33812156
14869,0.35893834
14882,0.31956312
14884,0.6073718
14886,0.6283332
14888,0.7459324
14890,0.3048848
14904,0.35533014
14938,0.3637313
14952,0.31115195
14958,0.601431
14963,0.36813578
14979,0.33521643
14980,0.3377941
14986,0.592363
14988,0.37629053
15003,0.32323357
15006,0.6826184
15009,0.95138794
15015,0.5857761
15024,0.38600194
15030,0.64553475
15036,0.3877317
15038,0.64105326
15039,0.4051131
15047,0.78565055
15049,0.33548027
15056,0.95305705
15068,0.3334798
15070,0.35148633
15073,0.2964144
15081,0.36180484
15084,0.2944335
15088,0.95117635
15092,0.26802
15095,0.35388812
15097,0.36604777
15098,0.31849948
15115,0.6550769
15120,0.7532648
15126,0.2832574
15133,0.62430495
15143,0.36956182
15156,0.3891751
15164,0.23502141
15178,0.39602596
15198,0.7531107
15200,0.6378417
15208,0.039821655
15214,0.3296209
15218,0.76319325
15231,0.33972794
15238,0.31317714
15239,0.34466136
15240,0.35660246
15249,0.32761213
15256,0.31879073
15260,0.61763084
15290,0.40943885
15307,0.9709763
15308,0.6504821
15321,0.65239733
15323,0.6905726
15325,0.33720043
15342,0.679497
15346,0.3707885
15349,0.38733235
15354,0.37649658
15362,0.3518542
15379,0.28621763
15383,0.36610138
15394,0.3221909
15401,0.61582196
15405,0.3598752
15407,0.3523106
15412,0.55979943
15413,0.6071323
15415,0.61914635
15427,0.6988996
15430,0.59046155
15436,0.5934126
15439,0.29799572
15443,0.32899514
15444,0.7066527
15445,0.7599164
15450,0.3475323
15456,0.72038597
15465,0.34405103
15466,0.32281795
15470,0.32254434
15474,0.615085
15476,0.36438626
15482,0.30371958
15492,0.36164877
15510,0.5726635
15519,0.36821434
15523,0.15617156
15535,0.6922935
15561,0.9023949
15564,0.63475364
15566,0.32294163
15579,0.34635022
15580,0.61140805
15581,0.33925915
15587,0.36175868
15589,0.38318393
15591,0.36284652
15597,0.33609208
15620,0.6614842
15627,0.6347378
15636,0.7312191
15653,0.33381116
15662,0.8922804
15664,0.37905523
15666,0.58302927
15667,0.30184424
15674,0.60199416
15692,0.32480922
15715,0.32071126
15736,0.6339292
15744,0.7104471
15746,0.35906518
15758,0.36323655
15760,0.29448166
15766,0.31622073
15767,0.37511143
15789,0.7551739
15810,0.28550208
15818,0.29745784
15820,0.18632376
15830,0.40451232
15844,0.3749866
15850,0.2052385
15857,0.3646548
15863,0.95150596
15869,0.29984382
15872,0.31375107
15873,0.5562015
15884,0.27540928
15885,0.7047635
15891,0.71171397
15898,0.37654918
15900,0.3005383
15932,0.36562037
15940,0.34547958
15944,0.31018975
15945,0.33229834
15963,0.67691135
15970,0.32491696
15977,0.40800506
15982,0.2738252
15985,0.3820154
15995,0.3859076
16004,0.31970593
16005,0.37696177
16011,0.29898915
16019,0.705815
16021,0.3494512
16051,0.7486847
16065,0.40084055
16066,0.32001007
16076,0.40898833
16091,0.31532118
16094,0.3925749
16101,0.2937124
16104,0.74399257
16113,0.7407435
16114,0.609328
16115,0.73728704
16127,0.6109472
16128,0.33642027
16138,0.6795898
16139,0.70492125
16142,0.3552659
16144,0.5699603
16148,0.7371348
16151,0.3871326
16156,0.5856716
16165,0.618868
16166,0.31701025
16179,0.7374403
16193,0.57736236
16196,0.52053344
16198,0.39962536
16210,0.6508895
16232,0.4418938
16237,0.30126894
16240,0.5846398
16252,0.5824094
16259,0.3456394
16262,0.4051174
16263,0.3443494
16270,0.40895322
16272,0.3628043
16290,0.34253293
16295,0.7478478
16297,0.35475633
16299,0.3214668
16300,0.26607013
16302,0.34808776
16303,0.5204928
16305,0.6010356
16309,0.36117145
16312,0.36392763
16320,0.2694495
16326,0.3095251
16327,0.36794016
16338,0.33747742
16342,0.32406121
16346,0.5788696
16348,0.36958158
16355,0.6068317
16356,0.59257495
16378,0.666285
16382,0.2889177
16391,0.36860484
16392,0.38948593
16395,0.7531901
16399,0.33843333
16403,0.37292194
16408,0.34730414
16413,0.34625328
16415,0.2960083
16417,0.62245685
16420,0.34391394
16431,0.3095756
16439,0.63266414
16444,0.743521
16446,0.036489304
16451,0.6018411
16454,0.31045893
16461,0.40395907
16462,0.4169101
16469,0.3701649
16484,0.3326649
16486,0.67860126
16487,0.35685843
16491,0.3920121
16494,0.36243674
16507,0.45631588
16508,0.271888
16519,0.3377831
16523,0.33525395
16526,0.68974113
16530,0.32923123
16532,0.7437249
16542,0.29100236
16550,0.71161157
16555,0.38048857
16558,0.3239076
16567,0.7314467
16576,0.36348805
16579,0.31999213
16595,0.60553813
16598,0.31716493
16600,0.31779474
16604,0.6948826
16605,0.7248825
16607,0.5989592
16610,0.39570743
16612,0.9629962
16617,0.63867754
16625,0.6599758
16632,0.5359341
16634,0.6099553
16650,0.31635207
16654,0.38762265
16655,0.38987243
16656,0.34163946
16657,0.5606048
16660,0.55233085
16662,0.42797598
16669,0.33850804
16675,0.6698995
16676,0.3241078
16678,0.3693958
16679,0.37656945
16693,0.33564165
16701,0.27006522
16715,0.36861673
16722,0.5910853
16724,0.6101621
16727,0.5928441
16735,0.38088003
16741,0.30595705
16752,0.29540074
16758,0.3339887
16765,0.34253237
16771,0.3179301
16785,0.10303364
16793,0.6269209
16800,0.3548193
16805,0.31757653
16809,0.27194715
16820,0.60927635
16827,0.6052888
16830,0.5905738
16843,0.94926655
16847,0.28873497
16855,0.69007725
16860,0.6703546
16862,0.6640556
16863,0.34944493
16872,0.12240924
16874,0.26947865
16876,0.36363775
16893,0.36598927
16895,0.4219256
16914,0.42688763
16917,0.35880607
16926,0.37333202
16930,0.61435
16931,0.3469674
16932,0.3315791
16934,0.32776874
16937,0.35902756
16941,0.35026684
16942,0.8975165
16957,0.35913858
16962,0.5479667
16967,0.6208912
16968,0.727097
16972,0.3564846
16974,0.32561353
16984,0.3712108
16987,0.36267447
16994,0.694066
16995,0.65248865
16999,0.34722444
17034,0.6211864
17038,0.35210904
17040,0.33884466
17050,0.1797929
17068,0.3639968
17077,0.3120629
17079,0.6043125
17082,0.58147013
17085,0.65272653
17087,0.37384835
17099,0.7557891
17105,0.350186
17108,0.29291344
17110,0.30043924
17111,0.37391472
17123,0.42472875
17124,0.40097314
17130,0.597565
17138,0.3389437
17143,0.75109786
17157,0.26364702
17160,0.8126085
17166,0.39015594
17167,0.30056077
17179,0.44841787
17180,0.2997242
17189,0.62559164
17197,0.66835785
17219,0.6317698
17223,0.31094214
17225,0.74895895
17229,0.6444264
17234,0.37621427
17235,0.2983813
17239,0.39374816
17242,0.36239108
17243,0.37516433
17246,0.61080974
17247,0.33680388
17255,0.28020436
17258,0.4104383
17260,0.35684156
17264,0.59262234
17270,0.354887
17271,0.37226573
17272,0.38150424
17285,0.33708945
17294,0.3106226
17297,0.37245598
17298,0.72962886
17299,0.34703186
17306,0.28231806
17324,0.3479016
17326,0.34195316
17330,0.34590828
17345,0.38146254
17351,0.7199315
17352,0.3239806
17372,0.28985757
17381,0.55082303
17385,0.6160705
17388,0.2843945
17390,0.60001814
17392,0.7476218
17399,0.26315516
17404,0.34984788
17407,0.2821867
17408,0.41268432
17416,0.7372103
17418,0.3627949
17434,0.7534328
17438,0.66498804
17443,0.72887164
17444,0.3656952
17453,0.39839852
17460,0.62255096
17467,0.41257006
17480,0.38815746
17488,0.67578864
17490,0.3252203
17493,0.3737954
17498,0.3428401
17503,0.32251993
17513,0.35349777
17520,0.66406333
17525,0.61108565
17534,0.30724207
17545,0.3708454
17553,0.37203944
17554,0.34788272
17557,0.33315057
17563,0.64664245
17576,0.35190368
17577,0.3617713
17580,0.685022
17582,0.32750085
17596,0.381598
17597,0.36035424
17602,0.65350497
17614,0.60746455
17623,0.5481508
17624,0.6528419
17627,0.6764279
17628,0.38823965
17630,0.32904065
17634,0.7491149
17640,0.32014248
17652,0.4043475
17657,0.28933376
17661,0.28974912
17662,0.38429427
17666,0.33178982
17682,0.67417926
17688,0.434459
17693,0.5987922
17705,0.37674633
17711,0.36745015
17715,0.384305
17717,0.3720122
17721,0.31264803
17728,0.2732087
17737,0.36264214
17745,0.34296334
17755,0.37168923
17764,0.76539135
17774,0.36487588
17785,0.27455214
17786,0.74431837
17789,0.35639983
17802,0.35470465
17810,0.70995456
17819,0.79952246
17825,0.29110467
17828,0.32623294
17833,0.24887066
17841,0.75684506
17842,0.3884773
17844,0.29534498
17849,0.36743283
17855,0.3749215
17857,0.77569246
17861,0.34081098
17863,0.3583931
17868,0.37496382
17876,0.63955873
17882,0.33663824
17885,0.3417554
17893,0.3788576
17894,0.32560828
17902,0.73134524
17906,0.3385682
17911,0.43116722
17917,0.32168904
17921,0.29899937
17941,0.29164526
17945,0.28135875
17949,0.2939718
17954,0.33451343
17957,0.34833348
17958,0.67101854
17960,0.3400252
17985,0.703377
18000,0.4376465
18002,0.59729034
18008,0.29011062
18014,0.34262633
18015,0.95303226
18019,0.2611329
18021,0.34793463
18026,0.24843453
18029,0.37059635
18034,0.6627696
18035,0.35975963
18036,0.43408278
18039,0.6762045
18066,0.27433023
18076,0.38767993
18089,0.27919188
18104,0.3075034
18110,0.35446876
18129,0.60951203
18131,0.7683985
18133,0.318599
18136,0.3412853
18148,0.47307882
18152,0.03313752
18167,0.7443831
18177,0.31336212
18178,0.36735994
18183,0.31590477
18194,0.65511554
18197,0.67237794
18213,0.3073443
18214,0.29928404
18221,0.1850698
18227,0.17108911
18239,0.74696976
18245,0.31071064
18266,0.26542294
18267,0.41406047
18274,0.14811987
18283,0.33263955
18297,0.3133151
18302,0.2556233
18303,0.5794727
18315,0.41603383
18324,0.33401316
18326,0.65693563
18334,0.29202622
18336,0.3648004
18344,0.339093
18346,0.3533813
18347,0.27871722
18350,0.35754728
18352,0.5855078
18364,0.56249654
18366,0.3804416
18373,0.3368158
18391,0.2901748
18393,0.31990895
18395,0.5922593
18400,0.7235415
18408,0.387904
18421,0.5776507
18425,0.6248183
18443,0.35077316
18451,0.34380484
18456,0.37680185
18458,0.6651141
18460,0.35855028
18467,0.33419392
18468,0.37687403
18475,0.39541128
18485,0.19042939
18494,0.6642725
18495,0.83771616
18508,0.6323526
18530,0.36268723
18533,0.35344377
18547,0.29157618
18548,0.3481605
18553,0.35599455
18561,0.36766684
18565,0.7286041
18572,0.3537407
18593,0.35943156
18600,0.33613744
18621,0.6563639
18629,0.71886206
18637,0.3618483
18649,0.38383797
18653,0.6137442
18660,0.20849027
18671,0.2532191
18672,0.26580635
18677,0.31888577
18681,0.8914499
18684,0.7288416
18686,0.28587168
18689,0.54256266
18690,0.56290126
18709,0.6295664
18716,0.73627156
18723,0.5761496
18773,0.3186732
18782,0.4106781
18797,0.4850607
18810,0.35751405
18817,0.65583783
18820,0.75604016
18825,0.31242844
18837,0.60143554
18850,0.71623087
18857,0.42440012
18861,0.65815544
18867,0.32504472
18870,0.27530682
18877,0.66354585
18887,0.39893016
18898,0.3394829
18900,0.62242144
18914,0.63585484
18921,0.372692
18922,0.74228334
18945,0.33046696
18947,0.5910851
18953,0.56576186
18954,0.38656786
18957,0.59469736
18960,0.71919376
18973,0.15259768
18983,0.37481502
18990,0.25902262
18991,0.26756936
18993,0.35734385
18995,0.30772752
18996,0.31795856
19003,0.28656623
19014,0.37806496
19015,0.36306566
19019,0.68153435
19028,0.33264795
19038,0.39485428
19040,0.37542683
19046,0.3247109
19051,0.31429344
19054,0.89245296
19056,0.3758666
19074,0.30143115
19085,0.65151376
19099,0.7027583
19124,0.31150937
19134,0.58256406
19141,0.1422322
19146,0.68520975
19150,0.32577074
19170,0.33068097
19176,0.34489417
19187,0.3692456
19189,0.36795944
19202,0.625523
19208,0.3493128
19209,0.33409977
19210,0.75181437
19216,0.35872275
19217,0.2889402
19218,0.59482104
19223,0.3301037
19240,0.28259945
19246,0.3986098
19269,0.39186823
19275,0.65640277
19287,0.3281256
19298,0.38299918
19303,0.304399
19313,0.5874508
19325,0.31342906
19326,0.35201448
19328,0.3692473
19330,0.3348783
19340,0.6122931
19342,0.330738
19343,0.3438514
19344,0.6113177
19363,0.31178644
19364,0.6067486
19371,0.15313427
19376,0.30037674
19377,0.34985688
19381,0.36299446
19384,0.41570136
19390,0.40996698
19402,0.296668
19405,0.29034334
19409,0.2648103
19418,0.7569866
19429,0.41150445
19446,0.6171883
19458,0.6515731
19460,0.71139014
19462,0.6478026
19465,0.3348505
19472,0.3823024
19480,0.34002858
19503,0.6441762
19507,0.61123693
19517,0.3602024
19533,0.344789
19537,0.260026
19541,0.34594044
19563,0.3069829
19566,0.73255664
19568,0.44144538
19576,0.37659723
19591,0.3783127
19597,0.71551013
19619,0.5756219
19622,0.6561447
19623,0.334297
19624,0.3669786
19627,0.3545101
19629,0.31428754
19633,0.3284994
19639,0.2806594
19641,0.32013226
19643,0.31313497
19649,0.29239604
19652,0.7222737
19657,0.3515185
19660,0.67412186
19668,0.9697434
19678,0.3420027
19686,0.6650953
19690,0.28950477
19694,0.36912942
19695,0.3165087
19702,0.6630792
19712,0.34605297
19720,0.6702949
19735,0.6868667
19739,0.36016795
19740,0.6648176
19743,0.37279287
19750,0.5004836
19752,0.6782997
19754,0.32917103
19762,0.4491928
19770,0.3631613
19775,0.5207181
19777,0.3296821
19782,0.3276087
19783,0.6300763
19786,0.33914694
19805,0.3199565
19808,0.28247207
19819,0.74388576
19821,0.3023369
19827,0.32152465
19830,0.5547316
19832,0.5500861
19833,0.28148812
19834,0.33635485
19843,0.3325811
19844,0.29045558
19846,0.3114499
19847,0.31640366
19850,0.7292613
19851,0.36932728
19861,0.6270999
19873,0.47474292
19878,0.36159626
19886,0.32987854
19892,0.694422
19901,0.31017667
19902,0.4930838
19920,0.6999615
19921,0.3118778
19922,0.3130263
19929,0.7573829
19932,0.41174802
19935,0.35610855
19936,0.6187573
19946,0.735232
19950,0.43626812
19952,0.6268921
19955,0.43172786
19976,0.29387105
19983,0.62222356
19987,0.31704685
19991,0.67942053
19996,0.65020645
20007,0.61432046
20015,0.38351429
20019,0.37104335
20023,0.3599013
20034,0.34859207
20036,0.35204998
20038,0.3743645
20039,0.39277396
20040,0.7574038
20045,0.39696285
20046,0.61613536
20048,0.37748903
20060,0.41962707
20068,0.18377791
20074,0.76153743
20111,0.3373501
20117,0.32013312
20125,0.31990203
20129,0.6362653
20134,0.3047207
20135,0.17428008
20139,0.373321
20142,0.43120727
20147,0.6885564
20154,0.7425006
20157,0.30106652
20169,0.13142034
20179,0.28961352
20202,0.32720712
20207,0.44967556
20215,0.33694533
20216,0.7237416
20217,0.7475632
20218,0.74687105
20219,0.6331019
20226,0.3434796
20236,0.33711553
20239,0.34882545
20246,0.3502757
20247,0.2878918
20253,0.63946307
20255,0.2841411
20268,0.35315996
20270,0.75378835
20271,0.3221672
20279,0.63044596
20282,0.6726644
20295,0.3580893
20302,0.426407
20305,0.61919355
20306,0.6255504
20308,0.3338182
20330,0.71450007
20335,0.45570675
20344,0.2955781
20349,0.75608873
20360,0.36293605
20362,0.7386781
20378,0.6544246
20394,0.33208758
20397,0.7359556
20403,0.2961555
20405,0.6715618
20415,0.31684953
20417,0.3439038
20420,0.32074472
20425,0.4695925
20430,0.7133709
20435,0.61190706
20443,0.61476755
20446,0.46802488
20458,0.3684489
20459,0.64078975
20467,0.29295295
20470,0.74346656
20482,0.63496155
20489,0.62786645
20495,0.3781073
20496,0.3986042
20497,0.6824628
20505,0.41958404
20509,0.7121726
20535,0.37284458
20539,0.7015525
20544,0.6295507
20547,0.35924703
20556,0.14996299
20557,0.633619
20575,0.33241233
20577,0.3086784
20596,0.25191486
20597,0.3920109
20602,0.36352807
20603,0.4019413
20609,0.73491704
20618,0.3653104
20621,0.62865317
20628,0.12970467
20634,0.44278908
20637,0.34052652
20641,0.34084058
20642,0.37981188
20647,0.34150085
20655,0.60268027
20656,0.29566544
20661,0.31448305
20664,0.6984797
20674,0.74374104
20679,0.66379946
20680,0.3225798
20683,0.70720315
20687,0.38054222
20688,0.95556337
20695,0.34454665
20696,0.35905412
20699,0.32277662
20701,0.2722716
20702,0.2505697
20704,0.29584488
20721,0.32269096
20725,0.33690366
20731,0.37731755
20741,0.3967762
20742,0.33755213
20753,0.6343532
20756,0.31123304
20769,0.25380325
20771,0.49684444
20774,0.3569386
20777,0.36579818
20781,0.36295605
20797,0.71478915
20808,0.60920316
20810,0.63093406
20820,0.447202
20823,0.93658996
20829,0.8492696
20832,0.36614874
20833,0.34817985
20837,0.34547538
20838,0.25544214
20839,0.31625637
20847,0.36329168
20861,0.33292198
20869,0.97032803
20875,0.31319618
20877,0.4164433
20889,0.3353394
20894,0.6870884
20901,0.62799466
20919,0.28665963
20923,0.33873838
20935,0.6340428
20937,0.3440536
20939,0.7304143
20940,0.3427139
20943,0.33177167
20946,0.6884541
20950,0.5901558
20961,0.7503558
20965,0.3281844
20967,0.45673048
20969,0.28365943
20970,0.3618822
20975,0.62773836
20987,0.6334442
20995,0.64144826
20998,0.7505421
21002,0.26651767
21012,0.93160415
21013,0.7170806
21015,0.3709001
21017,0.37361196
21020,0.3353332
21028,0.3067587
21031,0.36362907
21036,0.31382582
21040,0.2966501
21048,0.5818977
21049,0.32838765
21051,0.5768483
21070,0.33578214
21072,0.59701395
21079,0.648678
21090,0.61418235
21093,0.36004505
21104,0.28064585
21114,0.33485466
21117,0.27088588
21120,0.31565025
21121,0.3663342
21132,0.26161727
21136,0.616291
21139,0.6278738
21140,0.34582773
21146,0.6578226
21150,0.6039168
21178,0.47253597
21180,0.7656048
21198,0.37504843
21203,0.33920875
21210,0.34828773
21218,0.36447817
21220,0.34292492
21222,0.1376475
21228,0.3560102
21236,0.58440536
21239,0.2805593
21260,0.34991556
21267,0.24822293
21271,0.29714248
21279,0.28179398
21286,0.341884
21288,0.35233122
21294,0.60496503
21298,0.30592248
21299,0.6007379
21300,0.67017025
21304,0.3495173
21307,0.34229368
21309,0.14517963
21311,0.3111463
21331,0.32299155
21332,0.7245764
21342,0.61288565
21345,0.6993824
21348,0.65645194
21353,0.57394874
21357,0.27723524
21369,0.536627
21370,0.7143173
21371,0.3410553
21373,0.12585539
21385,0.6182427
21392,0.33080044
21401,0.40472212
21403,0.24803616
21406,0.3777742
21413,0.43654206
21414,0.41178158
21416,0.4357362
21423,0.7238393
21442,0.45235416
21443,0.21756212
21448,0.33920112
21459,0.59718454
21467,0.30468944
21474,0.5666233
21484,0.41554365
21488,0.6639799
21495,0.3117212
21498,0.34990913
21502,0.31209055
21503,0.62462074
21510,0.59643936
21516,0.7400049
21533,0.75762993
21535,0.3605419
21539,0.2712166
21541,0.3753782
21544,0.6205482
21554,0.7357041
21569,0.34797227
21572,0.4179745
21578,0.35216907
21580,0.3118745
21584,0.27827385
21589,0.6691508
21595,0.35029498
21598,0.6553132
21599,0.35855088
21606,0.30993003
21623,0.3366192
21639,0.56321186
21641,0.30790725
21645,0.30605382
21647,0.53363144
21648,0.25022694
21657,0.30239376
21671,0.358643
21673,0.16854508
21678,0.31766376
21696,0.57073176
21699,0.55076617
21700,0.33681738
21703,0.36175236
21710,0.3638692
21721,0.35613018
21727,0.3368255
21728,0.7355185
21731,0.37176952
21741,0.32764986
21744,0.7656642
21748,0.3322595
21753,0.3176374
21756,0.38517246
21763,0.35283628
21767,0.26608157
21772,0.7229323
21774,0.33737782
21775,0.6745368
21780,0.5990296
21787,0.5723219
21805,0.25335923
21828,0.23908223
21831,0.2700859
21837,0.2592577
21842,0.2871644
21849,0.25745082
21856,0.4804766
21858,0.2878198
21862,0.21289204
21864,0.2562281
21867,0.28753108
21879,0.25043628
21881,0.22430006
21883,0.24111304
21891,0.5599876
21892,0.2849078
21902,0.20521659
21909,0.26333997
21914,0.21045151
21918,0.24606076
21919,0.23082048
21926,0.2533757
21930,0.5228088
21934,0.5651355
21940,0.24333246
21945,0.22006263
21948,0.61376727
21953,0.23599754
21954,0.19987594
21956,0.5026275
21963,0.5138239
21970,0.46645677
21984,0.21453722
21997,0.24545269
21999,0.21277255
22001,0.25272
22002,0.20569141
22010,0.52189195
22013,0.2759295
22022,0.25163442
22024,0.2538124
22028,0.24781926
22029,0.6630366
22045,0.26851293
22049,0.22104748
22064,0.6099254
22069,0.5331467
22074,0.49184752
22082,0.2730925
22084,0.25384262
22090,0.41373307
22096,0.56441605
22100,0.23590873
22105,0.22696573
22119,0.29662117
22130,0.27162138
22152,0.6359956
22155,0.25648546
22164,0.22858213
22173,0.29342854
22194,0.49443787
22209,0.23960486
22217,0.10064432
22220,0.24798913
22222,0.6714916
22244,0.19614933
22245,0.23303506
22250,0.47512794
22256,0.7149536
22261,0.6722205
22264,0.25993553
22270,0.49470744
22279,0.5714536
22280,0.2595889
22284,0.24201928
22288,0.3039429
22293,0.2515341
22297,0.8764133
22307,0.33149156
22310,0.23788749
22319,0.51735926
22324,0.20978445
22326,0.11491387
22327,0.24059993
22329,0.27163273
22331,0.6676336
22340,0.5471671
22342,0.5575938
22347,0.49154294
22351,0.28247172
22357,0.26818278
22361,0.30719754
22371,0.31234092
22373,0.2169632
22391,0.53093654
22404,0.65859264
22409,0.6689298
22411,0.28986394
22428,0.5804573
22436,0.55437714
22444,0.6600156
22445,0.2606352
22451,0.2439774
22463,0.24395807
22464,0.2254795
22467,0.66732514
22472,0.24956983
22485,0.6889317
22497,0.25003192
22504,0.4062745
22508,0.23740979
22516,0.23732638
22522,0.21178399
22527,0.5073311
22543,0.6644195
22549,0.26384452
22551,0.5424632
22557,0.5100326
22562,0.22783701
22567,0.2666118
22572,0.28311655
22575,0.23278888
22578,0.551498
22579,0.28928128
22580,0.27603075
22581,0.2412322
22591,0.5921251
22593,0.2709951
22597,0.25771123
22600,0.40368775
22602,0.48533693
22603,0.46973535
22616,0.53837484
22617,0.27793735
22622,0.38437065
22623,0.2670684
22624,0.5846844
22628,0.23645368
22640,0.22884086
22641,0.25209764
22653,0.55783445
22660,0.2351625
22672,0.5354085
22674,0.26399738
22689,0.49487752
22698,0.2626455
22705,0.60888726
22709,0.6996485
22711,0.23952106
22714,0.612619
22715,0.26551542
22729,0.5024178
22730,0.46629712
22733,0.2561139
22750,0.14442432
22754,0.62168163
22756,0.59333616
22758,0.5702599
22767,0.6560305
22768,0.46058577
22769,0.55171716
22776,0.20392562
22778,0.24935097
22780,0.6326397
22789,0.548194
22797,0.52648485
22799,0.64446014
22814,0.2599276
22818,0.30240974
22821,0.5026839
22823,0.52206147
22841,0.19767562
22847,0.5001973
22848,0.43425548
22862,0.2551099
22875,0.7471398
22877,0.6367296
22887,0.27859893
22892,0.19982523
22899,0.6343827
22901,0.6169997
22907,0.38088086
22909,0.3963308
22926,0.42128226
22927,0.39022458
22930,0.3753992
22934,0.37453675
22937,0.3672326
22939,0.73008585
22949,0.3485596
22951,0.41871336
22955,0.30952635
22965,0.7111892
22966,0.7215237
22968,0.9645327
22972,0.39046764
22975,0.37215516
22981,0.3444156
22988,0.37321714
22994,0.37086326
22996,0.7564227
23011,0.7338073
23028,0.42628208
23031,0.35478216
23035,0.3168416
23038,0.43331814
23042,0.3546541
23049,0.7593559
23051,0.9709764
23053,0.28366724
23057,0.76023424
23058,0.41511485
23063,0.38916123
23064,0.34372988
23067,0.3006241
23071,0.3818309
23075,0.27070108
23077,0.7567607
23090,0.36466828
23094,0.42728114
23097,0.3435775
23103,0.3024776
23107,0.7186167
23117,0.33369708
23122,0.33633825
23124,0.2979744
23126,0.26762518
23129,0.74755687
23136,0.41239256
23141,0.3164143
23142,0.42053112
23147,0.32932594
23154,0.39535022
23159,0.30030498
23165,0.38652444
23171,0.72728395
23173,0.036656626
23175,0.3554248
23179,0.9290281
23182,0.7442332
23185,0.39315563
23188,0.33474377
23189,0.34937033
23209,0.2993668
23214,0.26258776
23215,0.340886
23233,0.3691865
23241,0.4623197
23252,0.3556203
23255,0.38991055
23263,0.3018584
23281,0.33849424
23282,0.30000538
23289,0.26971453
23292,0.2549536
23296,0.37397125
23297,0.35653555
23301,0.32289994
23302,0.38564134
23304,0.33271182
23309,0.39831167
23312,0.42002124
23316,0.35896733
23321,0.33503518
23342,0.3290373
23344,0.2606036
23350,0.27239862
23367,0.6654339
23368,0.2808589
23374,0.32907566
23387,0.2902261
23389,0.552798
23399,0.7283439
23403,0.7494162
23406,0.96409976
23414,0.32852677
23415,0.1858474
23419,0.67589885
23436,0.35312223
23439,0.68002903
23444,0.37876412
23445,0.34990278
23455,0.23452075
23469,0.33884075
23472,0.1731523
23477,0.37080038
23478,0.6606043
23479,0.3555833
23487,0.33908117
23490,0.37195438
23491,0.73265
23492,0.26715153
23494,0.32171836
23496,0.26841122
23497,0.30422798
23506,0.24537568
23515,0.35141015
23528,0.29802126
23532,0.24936779
23549,0.5296494
23551,0.26701197
23552,0.25521335
23555,0.3272946
23556,0.3341678
23564,0.67872584
23583,0.3572633
23592,0.3414778
23597,0.9301408
23601,0.3137424
23605,0.6575092
23615,0.2917156
23619,0.34961107
23621,0.93399686
23626,0.66446394
23635,0.40637514
23637,0.35650223
23640,0.31237426
23646,0.28475186
23655,0.3115115
23672,0.69768447
23673,0.376532
23682,0.2871779
23683,0.36561835
23699,0.3499854
23704,0.67637795
23707,0.9667331
23713,0.34177837
23714,0.2714201
23716,0.34005135
23718,0.6538551
23721,0.15989667
23735,0.3484452
23737,0.37680978
23744,0.27477348
23749,0.68195736
23755,0.4432711
23769,0.69001245
23772,0.3506246
23773,0.11173878
23774,0.6823765
23779,0.25391158
23782,0.43752778
23793,0.40773994
23803,0.962782
23828,0.68613446
23833,0.6900446
23834,0.72330165
23844,0.30829456
23845,0.6715181
23852,0.73218626
23855,0.6773454
23867,0.29724562
23872,0.6788388
23874,0.38699228
23880,0.2816629
23886,0.27395567
23898,0.3341223
23900,0.30225113
23903,0.2682724
23907,0.26933914
23908,0.7462634
23912,0.29049367
23916,0.2466606
23917,0.33818373
23918,0.31366432
23922,0.37450546
23928,0.30686462
23940,0.6672454
23944,0.4252935
23945,0.36409715
23951,0.2787919
23966,0.26074204
23970,0.26742956
23971,0.36894375
23976,0.6533852
23980,0.32308286
23987,0.9649445
23988,0.2961469
23993,0.3664455
23997,0.25435254
23998,0.31618845
23999,0.6554313
24010,0.6772269
24015,0.6723695
24023,0.3249024
24033,0.29259896
24046,0.6667034
24060,0.39216742
24062,0.3272786
24065,0.6662795
24070,0.39544976
24071,0.18755297
24073,0.2740828
24079,0.33566362
24082,0.9618398
24084,0.38456613
24089,0.36675954
24094,0.33134097
24100,0.35494465
24105,0.23167175
24106,0.122796394
24108,0.6808633
24111,0.9660858
24120,0.4037853
24125,0.66123444
24134,0.6647206
24140,0.35049203
24151,0.3545081
24153,0.28648373
24154,0.38740104
24161,0.35830063
24166,0.36915436
24170,0.5978794
24176,0.2733177
24182,0.6856565
24188,0.3267605
24190,0.33676925
24201,0.96412027
24211,0.7674326
24215,0.686099
24216,0.96206707
24219,0.32078138
24222,0.6740837
24240,0.97138536
24243,0.36927184
24245,0.33954483
24251,0.20810038
24256,0.95377135
24258,0.2879598
24261,0.3931142
24263,0.35275778
24264,0.36892593
24266,0.32313985
24273,0.3651498
24278,0.3165427
24289,0.9700825
24292,0.3555753
24293,0.3395388
24298,0.9696535
24299,0.3048859
24303,0.7083086
24304,0.3940224
24305,0.37607858
24329,0.36223266
24341,0.34708285
24345,0.75938976
24353,0.29701564
24358,0.97002465
24364,0.68764615
24367,0.38184902
24370,0.68452424
24377,0.37708306
24380,0.33051604
24381,0.29403916
24387,0.35933626
24391,0.3411695
24409,0.9691946
24413,0.2961635
24416,0.30012047
24427,0.48162097
24439,0.2878185
24443,0.33324614
24448,0.3938774
24454,0.70518726
24455,0.27290815
24461,0.27768564
24464,0.36862528
24468,0.2134841
24469,0.27190787
24501,0.32880604
24508,0.32088536
24519,0.36450186
24520,0.95729023
24538,0.44449812
24540,0.739314
24550,0.3143201
24552,0.24580143
24561,0.3007273
24577,0.4433235
24579,0.3083059
24580,0.33176324
24582,0.3042764
24591,0.7265589
24592,0.37612635
24599,0.72081435
24602,0.312779
24606,0.32752708
24617,0.29966515
24619,0.73237246
24630,0.14535289
24633,0.7301931
24634,0.7062901
24638,0.31940553
24641,0.37285754
24644,0.35057718
24645,0.7198974
24656,0.34962022
24661,0.30507088
24663,0.7505151
24667,0.3718665
24669,0.7333768
24682,0.4054258
24698,0.31392688
24699,0.7630729
24702,0.33249202
24703,0.44495574
24717,0.39757156
24724,0.9727634
24731,0.3056479
24737,0.28463352
24740,0.47283658
24743,0.3191908
24744,0.9718982
24755,0.48017588
24757,0.32264155
24765,0.43783003
24766,0.28561333
24776,0.758479
24787,0.9556893
24789,0.44581616
24791,0.13209558
24792,0.29866984
24804,0.036360208
24812,0.3726838
24816,0.30809653
24817,0.32180545
24820,0.64345205
24828,0.38096008
24832,0.31777152
24836,0.3348135
24842,0.7652269
24846,0.3043533
24847,0.31270775
24848,0.96635956
24851,0.75040627
24855,0.7608976
24856,0.30744335
24871,0.4500816
24874,0.32192445
24877,0.3451767
24889,0.34055406
24897,0.34452084
24899,0.7575013
24908,0.29467294
24913,0.72608864
24923,0.25833002
24933,0.3207006
24971,0.34397003
24973,0.9703321
24993,0.46305785
24998,0.42991558
25000,0.9567067
25001,0.9581096
25002,0.36944252
25003,0.97109455
25009,0.32469
25024,0.27782965
25026,0.32563853
25027,0.95628625
25034,0.28045568
25050,0.34274298
25057,0.33746427
25067,0.7745817
25075,0.3982583
25081,0.3611259
25085,0.37202013
25093,0.36043218
25097,0.39002636
25103,0.3383205
25104,0.43083102
25109,0.36896482
25112,0.76459104
25113,0.3604202
25114,0.34884822
25119,0.26877844
25121,0.31552434
25122,0.79536587
25124,0.7269508
25131,0.35051402
25134,0.7526354
25144,0.27997538
25147,0.7272768
25148,0.3967718
25149,0.34434763
25155,0.39873862
25169,0.7352288
25177,0.71896946
25178,0.3425441
25179,0.3490167
25180,0.71629804
25191,0.7087667
25199,0.30140543
25232,0.43133104
25241,0.39299306
25242,0.754874
25243,0.2919636
25246,0.2926118
25259,0.73292905
25265,0.7630411
25278,0.7411538
25280,0.29402605
25284,0.35914403
25286,0.7302919
25288,0.2938857
25318,0.97163117
25330,0.7370416
25333,0.36015186
25339,0.29806
25340,0.73305976
25346,0.37910137
25349,0.7768997
25351,0.3409516
25361,0.69161725
25366,0.38596106
25368,0.96850765
25369,0.33856675
25370,0.44566816
25375,0.09185797
25376,0.74120253
25377,0.3794152
25379,0.36489832
25382,0.5208591
25386,0.5201736
25389,0.49202168
25399,0.39034835
25400,0.9682049
25401,0.7110813
25407,0.2650918
25409,0.26640877
25412,0.38089064
25416,0.2604463
25418,0.37743112
25423,0.3739107
25436,0.39302376
25439,0.3181313
25442,0.35400048
25445,0.9554864
25446,0.38668725
25453,0.29502892
25456,0.4180533
25458,0.42417943
25460,0.37200803
25461,0.3250057
25468,0.78545386
25470,0.37276402
25471,0.30818024
25482,0.37593922
25501,0.71831644
25504,0.71682215
25515,0.33394524
25518,0.39113384
25528,0.40093052
25533,0.35131076
25543,0.27438095
25548,0.2596141
25564,0.33856875
25572,0.7387543
25576,0.33525425
25577,0.43974057
25587,0.3178034
25591,0.30769786
25596,0.28291473
25598,0.30679452
25617,0.3249887
25618,0.7227188
25620,0.3241631
25623,0.34905928
25626,0.31701827
25628,0.31967068
25633,0.4153184
25637,0.35519174
25644,0.27436942
25662,0.317361
25663,0.39526445
25673,0.70210135
25678,0.34622097
25685,0.31766427
25691,0.29661393
25706,0.32678142
25707,0.27871186
25723,0.37823582
25725,0.36376354
25735,0.7016086
25740,0.3073802
25759,0.37044445
25761,0.74257624
25769,0.30277738
25774,0.32295114
25779,0.7202349
25781,0.37205377
25784,0.9554686
25790,0.9018607
25796,0.35792646
25816,0.3355823
25847,0.31447786
25850,0.29934266
25852,0.7344157
25856,0.34968582
25866,0.3616435
25867,0.7213936
25868,0.32230765
25869,0.39911762
25877,0.733172
25878,0.3153443
25890,0.43442136
25898,0.7253141
25899,0.28941333
25906,0.9533673
25907,0.741874
25915,0.95505345
25932,0.73027754
25939,0.3669116
25946,0.72453696
25951,0.6981459
25959,0.38122448
25961,0.34086642
25964,0.40017614
25969,0.2830423
25980,0.37199655
25986,0.2930138
25992,0.1781013
25998,0.28073218
26000,0.4012815
26006,0.31557044
26009,0.282942
26016,0.43283796
26023,0.9682608
26038,0.42515782
26041,0.32671097
26050,0.3503493
26051,0.970435
26057,0.3785726
26060,0.058557555
26062,0.35277435
26067,0.970439
26068,0.30623126
26072,0.3785635
26074,0.7585317
26075,0.35088795
26081,0.7292178
26108,0.73645973
26112,0.97047305
26113,0.26780045
26115,0.46596333
26122,0.31869176
26139,0.28318352
26162,0.37514955
26165,0.31638384
26173,0.34547007
26177,0.3316939
26179,0.3666227
26184,0.13832374
26190,0.32327744
26204,0.38294673
26205,0.04421829
26212,0.74923944
26215,0.3264443
26227,0.7581044
26232,0.7597242
26237,0.413373
26246,0.58569425
26248,0.7565031
26249,0.3989602
26260,0.4186081
26263,0.34008494
26267,0.83721685
26269,0.39992893
26271,0.76527476
26273,0.63109297
26286,0.39406592
26297,0.32783163
26309,0.358923
26313,0.30692407
26319,0.39170745
26329,0.30667937
26330,0.74241275
26333,0.40003836
26361,0.7136013
26366,0.46146744
26376,0.9694165
26378,0.40820068
26382,0.34759858
26389,0.36910304
26391,0.3025806
26401,0.6540235
26415,0.31034845
26419,0.644456
26421,0.97119474
26422,0.3672939
26423,0.7539576
26424,0.6406164
26441,0.6790477
26442,0.39054105
26446,0.7508145
26447,0.35863894
26448,0.35720873
26451,0.4119711
26459,0.37656772
26465,0.2866817
26476,0.3775939
26481,0.36113787
26487,0.9416875
26501,0.314184
26513,0.7425481
26517,0.32953197
26527,0.75072765
26534,0.76129586
26535,0.9713689
26545,0.33763075
26550,0.30129617
26558,0.30948356
26571,0.7414099
26573,0.4038562
26575,0.36582786
26578,0.37187204
26583,0.7297971
26590,0.35630065
26593,0.7424362
26602,0.246245
26606,0.7216914
26613,0.7392518
26615,0.25764427
26618,0.33552969
26628,0.9531223
26630,0.7521309
26635,0.3595307
26645,0.38432062
26648,0.17741625
26651,0.33959544
26660,0.27296576
26663,0.61819535
26664,0.63348424
26665,0.72783905
26673,0.6915972
26675,0.332359
26676,0.3765685
26677,0.3383756
26679,0.41547218
26687,0.34007826
26689,0.421018
26697,0.35978156
26737,0.756221
26747,0.9711709
26748,0.3945757
26749,0.339884
26754,0.9154158
26759,0.36307698
26760,0.75563323
26765,0.2951004
26769,0.27058947
26771,0.31772742
26776,0.35963097
26778,0.2960739
26780,0.35248706
26783,0.17457344
26785,0.32468078
26800,0.33867407
26804,0.2991636
26812,0.35692912
26816,0.32296455
26823,0.7632584
26834,0.40075034
26836,0.75429523
26841,0.72766507
26845,0.33105543
26849,0.38722953
26854,0.7030461
26858,0.38302338
26860,0.20764098
26866,0.3039764
26871,0.1741772
26873,0.45806763
26905,0.32054225
26907,0.29536098
26920,0.6333047
26924,0.19320509
26930,0.29552752
26942,0.6196684
26944,0.34961334
26949,0.7289545
26952,0.94898725
26956,0.37656033
26973,0.2961797
26977,0.34844047
26993,0.69528365
26997,0.3094006
26999,0.620631
27021,0.37969136
27023,0.39083973
27025,0.04506094
27027,0.37091497
27032,0.6910701
27034,0.27808425
27036,0.5849664
27045,0.32761458
27050,0.2936827
27051,0.770775
27055,0.3663921
27056,0.37601992
27060,0.35395908
27061,0.7569571
27066,0.7376548
27070,0.3174865
27073,0.16541225
27077,0.78891766
27085,0.3853615
27086,0.37273377
27099,0.36635473
27105,0.38788992
27109,0.34464133
27125,0.3040303
27135,0.44593894
27139,0.61167
27140,0.8930042
27141,0.341199
27142,0.33566806
27144,0.28988907
27148,0.39048404
27154,0.38471165
27162,0.739904
27175,0.6002189
27176,0.35606784
27178,0.63549125
27197,0.34983355
27204,0.33377317
27205,0.37263504
27206,0.14321294
27207,0.3158746
27216,0.36294743
27230,0.30781853
27234,0.28451717
27241,0.38774633
27249,0.96984607
27251,0.29435208
27252,0.7368356
27256,0.7500035
27257,0.6131676
27263,0.28968757
27268,0.3739827
27269,0.31811768
27276,0.34833914
27279,0.69548124
27288,0.75292534
27295,0.29855838
27299,0.35864455
27302,0.3451863
27304,0.33592194
27316,0.72471106
27318,0.28757444
27330,0.35994345
27333,0.6267958
27335,0.34623757
27339,0.30533943
27341,0.61245054
27342,0.33810952
27345,0.5678061
27347,0.576671
27354,0.5530969
27361,0.3039525
27375,0.7389173
27387,0.7067265
27390,0.70189697
27392,0.8257188
27399,0.2711164
27403,0.32593176
27410,0.45442393
27423,0.28814954
27429,0.28483704
27432,0.448886
27436,0.33381018
27437,0.6772853
27441,0.69197273
27444,0.6304555
27445,0.29470453
27448,0.6234938
27454,0.3587721
27459,0.29897028
27465,0.3492916
27478,0.9492416
27479,0.32902643
27481,0.7013568
27483,0.58252054
27486,0.3041763
27498,0.3542014
27505,0.36025727
27507,0.3143206
27509,0.29764575
27514,0.31092307
27527,0.75996387
27535,0.24576068
27544,0.28491616
27545,0.33318198
27556,0.27330798
27563,0.35091195
27569,0.35736445
27585,0.59466004
27589,0.30334175
27605,0.3598078
27608,0.7379565
27609,0.32278353
27611,0.28058258
27621,0.5990508
27626,0.7303453
27629,0.34395537
27645,0.75996387
27651,0.291149
27654,0.38281092
27656,0.7447101
27663,0.7233717
27673,0.28503865
27677,0.31616062
27678,0.31510764
27680,0.3290019
27681,0.40516043
27684,0.33731082
27688,0.31810617
27706,0.378914
27709,0.3322599
27720,0.2982955
27722,0.35054684
27733,0.7002469
27734,0.7088666
27739,0.33935595
27746,0.42061394
27751,0.7229522
27755,0.3530515
27777,0.6733234
27783,0.3640668
27795,0.39020604
27805,0.41725326
27811,0.38209057
27815,0.3612843
27823,0.3874179
27856,0.3937372
27873,0.44220248
27883,0.36953583
27885,0.76163536
27887,0.76423097
27899,0.42296395
27921,0.4031667
27924,0.42517382
27927,0.40281433
27929,0.39723322
27932,0.38636097
27943,0.4842519
27945,0.47644967
27952,0.43121654
27957,0.7999474
27960,0.44396853
27966,0.38693514
27968,0.7899022
27980,0.76148164
27984,0.36668494
27994,0.42152697
27995,0.42761034
28002,0.78277993
28004,0.74687725
28006,0.3076371
28028,0.7153625
28042,0.7420396
28043,0.40579903
28055,0.6037789
28061,0.38902545
28063,0.61287487
28077,0.35903424
28090,0.71423143
28093,0.39742556
28095,0.34902152
28096,0.6960028
28098,0.72989374
28099,0.2973369
28111,0.3317249
28115,0.38172933
28123,0.35527182
28125,0.37611413
28126,0.75250155
28129,0.7440524
28131,0.32799244
28139,0.35097885
28146,0.3341092
28153,0.7682136
28155,0.3683198
28160,0.61653596
28166,0.3565958
28167,0.6494026
28176,0.688771
28185,0.34810773
28187,0.7328148
28195,0.756863
28203,0.19281502
28206,0.35929626
28209,0.28588492
28210,0.35045615
28211,0.31616673
28216,0.3329807
28234,0.37028944
28235,0.75660086
28248,0.34726
28255,0.32993972
28266,0.35366106
28277,0.3337121
28286,0.35875332
28288,0.34449506
28289,0.607479
28290,0.34363785
28296,0.378181
28300,0.74583393
28306,0.2631044
28307,0.33450344
28309,0.33266604
28327,0.3705712
28336,0.35509917
28345,0.37037987
28355,0.36061054
28361,0.30641705
28362,0.3205919
28374,0.33372447
28380,0.72295916
28381,0.37801877
28393,0.31246153
28394,0.32435384
28405,0.37797326
28413,0.3456383
28426,0.7560407
28428,0.74760807
28429,0.76087815
28442,0.39477837
28445,0.31774458
28457,0.9705551
28459,0.6575564
28462,0.39174148
28478,0.2952464
28490,0.3664449
28492,0.33120123
28499,0.16164385
28500,0.40678823
28506,0.74700004
28509,0.35330948
28513,0.34140673
28516,0.3510636
28519,0.96638453
28526,0.3040172
28527,0.29501128
28528,0.7280252
28533,0.3472871
28547,0.34157518
28551,0.3547801
28563,0.387851
28566,0.38767958
28568,0.3693107
28580,0.3417612
28589,0.34875247
28590,0.75878423
28606,0.35572925
28613,0.3269382
28615,0.27758577
28619,0.40249172
28629,0.58707607
28633,0.3427969
28635,0.7281131
28646,0.31500813
28648,0.6444683
28651,0.3120443
28660,0.74188554
28681,0.39041546
28693,0.63980037
28696,0.34789172
28703,0.35526213
28709,0.337822
28712,0.72928905
28718,0.30946404
28719,0.6071245
28727,0.26333055
28730,0.72907925
28732,0.7492186
28740,0.37757564
28747,0.39053765
28752,0.71813905
28757,0.34591857
28764,0.36460558
28765,0.68447
28770,0.7359297
28772,0.79493135
28783,0.3551142
28786,0.29124668
28796,0.364804
28799,0.68219036
28806,0.6533449
28807,0.35739455
28815,0.36913234
28818,0.32188854
28823,0.3718028
28824,0.55406547
28831,0.8991907
28834,0.58784527
28841,0.31307694
28848,0.7460078
28882,0.5943785
28884,0.36064997
28904,0.3415306
28907,0.29300174
28919,0.32286173
28920,0.62476796
28928,0.26834756
28935,0.044602595
28936,0.2717773
28945,0.33724946
28950,0.64513373
28957,0.7062862
28963,0.173773
28974,0.38242775
28980,0.39269698
28988,0.5947077
28999,0.33183098
29001,0.6247659
29004,0.25016
29006,0.33586317
29012,0.37055668
29018,0.41955578
29027,0.3643437
29030,0.30559403
29032,0.30344576
29039,0.33921835
29043,0.39457974
29056,0.6601365
29064,0.7525683
29068,0.31995144
29069,0.2884612
29074,0.30211067
29076,0.3251144
29085,0.33186397
29088,0.7149467
29091,0.3185214
29092,0.616462
29093,0.31278637
29094,0.5379041
29108,0.68263835
29114,0.28727868
29115,0.28191945
29118,0.25715184
29125,0.35652962
29127,0.75647956
29150,0.2564024
29152,0.14431198
29155,0.6581322
29165,0.2827142
29167,0.38172862
29174,0.4095416
29180,0.36220735
29185,0.35516784
29190,0.33974326
29192,0.9680305
29194,0.34895864
29220,0.3618816
29231,0.56813467
29237,0.57282436
29240,0.54392374
29247,0.3900184
29256,0.34298292
29275,0.35490602
29278,0.3891577
29280,0.73719746
29286,0.4425276
29288,0.7194694
29305,0.70177466
29327,0.38500038
29329,0.7978664
29333,0.39430058
29335,0.41336733
29342,0.9752133
29344,0.37186164
29353,0.38248205
29358,0.42255196
29373,0.20028265
29392,0.40318215
29393,0.6190532
29395,0.9569879
29403,0.7558523
29405,0.62700814
29410,0.36780646
29423,0.3307334
29427,0.7343757
29429,0.3592652
29432,0.3626089
29440,0.7053249
29447,0.34972495
29448,0.34529278
29452,0.6240643
29455,0.33929121
29461,0.28773955
29466,0.33876646
29474,0.3123388
29476,0.33213568
29486,0.6037855
29494,0.3496385
29497,0.57375115
29505,0.38630003
29511,0.75318724
29516,0.71906865
29522,0.36405745
29523,0.29388458
29524,0.29543823
29529,0.29845658
29533,0.34559813
29535,0.3667212
29548,0.30415133
29551,0.3818274
29563,0.32740486
29574,0.3826757
29575,0.29873046
29592,0.32122904
29599,0.54141235
29608,0.29475188
29613,0.38835338
29620,0.35825664
29630,0.687214
29637,0.3410821
29638,0.38310346
29643,0.35243294
29648,0.36621517
29657,0.3687105
29659,0.36207604
29662,0.38169798
29665,0.3518718
29699,0.74238694
29706,0.6324029
29715,0.65012974
29716,0.35599348
29717,0.30828226
29721,0.65155613
29731,0.368766
29735,0.2851673
29739,0.5047805
29742,0.62111163
29747,0.9695332
29749,0.640925
29754,0.95663524
29773,0.3065746
29777,0.6102692
29779,0.30607665
29783,0.2994026
29786,0.3521476
29805,0.70743537
29811,0.5559552
29812,0.5726591
29815,0.67066175
29819,0.28568283
29833,0.27703738
29847,0.33913708
29854,0.6795808
29856,0.32644078
29859,0.31498143
29864,0.3720586
29865,0.3907059
29867,0.30026385
29885,0.56129277
29894,0.34278136
29900,0.34127066
29910,0.6425922
29928,0.3393831
29942,0.28540662
29951,0.35423172
29953,0.34983274
29962,0.32468006
29968,0.30958024
29974,0.74563193
29980,0.58217514
29987,0.14974353
29993,0.5741644
30001,0.71508974
30005,0.63291705
30015,0.35662794
30034,0.24896243
30041,0.28029162
30044,0.3329433
30058,0.1302429
30061,0.38214648
30064,0.40351906
30065,0.38641286
30069,0.35405728
30074,0.35476938
30076,0.19324593
30080,0.2471179
30086,0.76407796
30087,0.3016795
30092,0.3089389
30093,0.67788774
30096,0.3234573
30097,0.67061555
30098,0.29824203
30102,0.66359985
30106,0.32256246
30110,0.66197366
30111,0.94344294
30122,0.30996296
30128,0.31958652
30130,0.6744421
30131,0.32832152
30132,0.37557253
30135,0.33936554
30137,0.67881167
30157,0.682385
30158,0.7168527
30162,0.3172426
30170,0.74672043
30174,0.3132241
30195,0.73641825
30196,0.34737587
30204,0.37451527
30207,0.72169137
30209,0.7413349
30212,0.39074123
30221,0.3311745
30225,0.73653966
30229,0.36392775
30231,0.29469532
30233,0.34853914
30237,0.4816153
30239,0.4481795
30242,0.45531148
30244,0.2919357
30249,0.3619759
30262,0.3025077
30286,0.35217857
30292,0.36016417
30303,0.30518934
30320,0.16995786
30322,0.33606672
30355,0.38473973
30356,0.29455873
30372,0.39977536
30375,0.29231894
30379,0.3593769
30384,0.3160761
30386,0.29686993
30394,0.3646521
30395,0.27504447
30396,0.338697
30397,0.30491987
30402,0.3911797
30413,0.31244954
30416,0.36602435
30420,0.34434777
30422,0.7450654
30432,0.32765612
30434,0.42794892
30438,0.3932873
30444,0.1700236
30446,0.4843441
30455,0.3589293
30457,0.4087767
30459,0.4025641
30463,0.42003784
30468,0.38835704
30477,0.3408936
30478,0.36169606
30481,0.3725715
30482,0.30305514
30487,0.43098372
30491,0.40509355
30496,0.762037
30501,0.31885022
30506,0.30358812
30511,0.33120862
30513,0.36973825
30516,0.32443857
30520,0.3119857
30531,0.35379004
30542,0.72470087
30555,0.32831398
30557,0.37767732
30568,0.38176405
30570,0.95562977
30584,0.33401114
30594,0.71829176
30614,0.35470176
30617,0.31886777
30618,0.7424794
30631,0.32241252
30632,0.2940005
30634,0.6936663
30636,0.2798166
30637,0.27493718
30639,0.33460906
30647,0.3147751
30649,0.25641733
30656,0.30181953
30660,0.2883158
30665,0.2853481
30669,0.33678
30681,0.43453652
30683,0.71478575
30687,0.7596754
30694,0.47010118
